sub,region,title_kr,title_en,desc_kr,desc_en,addr_kr,addr_en,route_kr,duration,difficulty,budget_kr,naver_map,kakao_map,web,free,publish_at
3hour,서울 종로,경복궁 역사 탐방,Gyeongbokgung Palace History Tour,"조선시대 정궁 경복궁
▪ 광화문 → 근정전 → 경회루 → 향원정
▪ 수문장 교대식 (매일 10:00 / 14:00)
▪ 한복 착용 시 무료 입장","Joseon Royal Palace Gyeongbokgung
▪ Gwanghwamun → Geunjeongjeon → Gyeonghoeru → Hyangwonjeong
▪ Royal Guard Ceremony daily 10:00 / 14:00
▪ Free entry in hanbok",사직로 161,"161 Sajik-ro, Jongno-gu, Seoul",3호선 경복궁역 5번 출구 → 도보 5분 → 광화문(정문),2시간,easy,"성인 3,000원",https://map.naver.com/v5/search/경복궁,https://map.kakao.com/link/search/경복궁,https://royal.khs.go.kr/ROYAL/contents/menuInfo-gbg.do?grpCode=gbg,TRUE,
3hour,서울 영등포,한강 선셋 산책 코스,Han River Sunset Walk,"여의도 한강공원 황금빛 노을 산책
▪ 자전거 도로 → 서울 스카이라인 조망
▪ 따릉이 대여 가능 (시간당 1,000원)
▪ 피크닉 매트·돗자리 지참 권장","Yeouido Hangang Park golden hour walk
▪ Bike path → Seoul skyline view
▪ Ddareungi bike rental available (1,000 KRW/hr)
▪ Picnic mat recommended",여의동로 330,"330 Yeouidong-ro, Yeongdeungpo-gu, Seoul",5·9호선 여의도역 3번 출구 → 도보 7분 → 한강공원 입구,1.5시간,easy,무료,https://map.naver.com/v5/search/여의도+한강공원,https://map.kakao.com/link/search/여의도+한강공원,https://hangang.seoul.go.kr,TRUE,
3hour,서울 마포,홍대 거리예술 투어,Hongdae Street Art Tour,"홍대 골목 벽화·스트리트 아트 탐방
▪ 홍대 정문거리 → 피카소 거리 → 연남동 방향
▪ 주말 오후 버스킹 공연 다수
▪ 독립 갤러리·팝업 스토어 연계","Hongdae alley mural & street art exploration
▪ Main gate → Picasso Street → Yeonnam direction
▪ Weekend afternoon busking
▪ Independent galleries & pop-up stores nearby",어울마당로 65,"65 Eoulmadag-ro, Mapo-gu, Seoul",2호선·공항철도·경의중앙선 홍대입구역 9번 출구 → 도보 5분 → 홍대 정문거리,2시간,easy,무료,https://map.naver.com/p/search/%ED%99%8D%EB%8C%80%EC%9E%85%EA%B5%AC%EC%97%AD,https://map.kakao.com/?q=%ED%99%8D%EB%8C%80%EC%9E%85%EA%B5%AC%EC%97%AD+%EA%B3%B5%ED%95%AD%EC%B2%A0%EB%8F%84,해당없음,TRUE,
3hour,부산 해운대,해운대 해변 일출 명상,Haeundae Beach Sunrise Meditation,"해운대 백사장 새벽 요가·명상
▪ 일출 시각 30분 전 도착 권장
▪ 파도 소리 배경 힐링 타임
▪ 인근 해운대시장 아침 식사 연계","Haeundae Beach dawn yoga & meditation
▪ Arrive 30min before sunrise
▪ Healing time with wave sounds
▪ Haeundae Market breakfast nearby",해운대해변로 264,"264 Haeundaehaebyeon-ro, Haeundae-gu, Busan",지하철 2호선 해운대역 3·5번 출구 → 도보 10분 → 해운대해수욕장,1시간,easy,무료,https://map.naver.com/v5/search/해운대해수욕장,https://map.kakao.com/link/search/해운대해수욕장,https://www.visitbusan.net,TRUE,
recommend,제주 서귀포,올레길 7코스 트레킹,Jeju Olle Trail Course 7,"올레길 7코스 외돌개 → 월평마을 (15.6km)
▪ 기암절벽 해안 → 서귀포 오름 조망
▪ 소요시간 약 4~5시간
▪ 패스포트 스탬프 수령 가능","Olle Trail Course 7: Oedolgae → Wolpyeong Village (15.6km)
▪ Coastal cliffs → Seogwipo oreum views
▪ Approx. 4–5 hours
▪ Olle passport stamp available",올레7코스 시작점 외돌개,"Oedolgae Rock, Seogwipo-si, Jeju",서귀포버스터미널 → 서귀포시 농어촌버스 → 외돌개 정류장,4시간,medium,무료,https://map.naver.com/v5/search/외돌개+제주,https://map.kakao.com/link/search/외돌개+제주,https://www.jejuolle.org,TRUE,
recommend,경주 불국사,신라 천년 문화유산 탐방,Millennium Silla Heritage Tour,"불국사 + 석굴암 연계 코스
▪ 불국사 → 셔틀버스 → 석굴암 (편도 10분)
▪ 유네스코 세계문화유산 2개소
▪ 불국사 입장료: 성인 6,000원","Bulguksa Temple + Seokguram Grotto combo
▪ Bulguksa → shuttle bus → Seokguram (10min)
▪ 2 UNESCO World Heritage Sites
▪ Bulguksa admission: 6,000 KRW",불국로 385,"385 Bulguk-ro, Gyeongju-si, Gyeongsangbuk-do",KTX 신경주역 → 700번 버스 → 불국사 정류장 (약 40분),3시간,easy,"입장료 6,000원",https://map.naver.com/v5/search/불국사,https://map.kakao.com/link/search/불국사,https://www.bulguksa.or.kr,TRUE,
3hour,강릉 강문,커피 로스터리 탐방,Coffee Roastery Tour,"강릉 안목 커피거리 로스터리 카페 탐방
▪ 강릉 커피거리 (안목해변) → 테라로사 강릉본점
▪ 핸드드립·에스프레소 비교 시음
▪ 안목해변 오션뷰 카페 다수","Gangneung Anmok Coffee Street roastery tour
▪ Anmok Beach coffee street → Terarosa Gangneung
▪ Hand-drip & espresso tasting comparison
▪ Ocean view cafes along Anmok Beach",창해로 307 (안목해변),"307 Changhae-ro, Gangneung-si, Gangwon-do",KTX 강릉역 → 시내버스 202번 → 안목해변 정류장 (약 15분),2.5시간,easy,"음료 1잔 7,000원~",https://map.naver.com/v5/search/강릉+안목+커피거리,https://map.kakao.com/link/search/강릉+안목+커피거리,https://www.gn.go.kr/tour,TRUE,
3hour,전주 한옥마을,한복 입고 한옥마을 산책,Hanbok Walk in Hanok Village,"전주 한옥마을 한복 대여 후 골목 탐방
▪ 한복 대여 → 경기전 → 전동성당 → 풍남문
▪ 한복 착용 시 경기전 무료 입장
▪ 비빔밥·전주 길거리 음식 연계","Jeonju Hanok Village hanbok rental & alley walk
▪ Hanbok rental → Gyeonggijeon → Jeondong Cathedral → Pungnammun
▪ Free entry to Gyeonggijeon in hanbok
▪ Bibimbap & street food nearby",기린대로 99,"99 Girin-daero, Wansan-gu, Jeonju-si, Jeonbuk-do",KTX 전주역 → 79번·119번 버스 → 한옥마을 정류장 (약 20분),2시간,easy,"한복 대여 10,000~15,000원",https://map.naver.com/v5/search/전주한옥마을,https://map.kakao.com/link/search/전주한옥마을,https://hanok.jeonju.go.kr,TRUE,
3hour,인천 차이나타운,차이나타운 먹거리 투어,Chinatown Food Tour,"인천 차이나타운 미식 탐방
▪ 패루(정문) → 짜장면 박물관 → 공화춘
▪ 짜장면 발상지 · 1883년 개항지
▪ 월미도·개항장 연계 가능","Incheon Chinatown gourmet walk
▪ Pairu gate → Jjajangmyeon Museum → Gonghwachun
▪ Birthplace of jjajangmyeon · 1883 open port
▪ Wolmido & open port area nearby",차이나타운로 26,"26 Chainataun-ro, Jung-gu, Incheon",1호선 인천역 1번 출구 → 도보 3분 → 차이나타운 패루(정문),2시간,easy,"식비 10,000~20,000원",https://map.naver.com/v5/search/인천+차이나타운,https://map.kakao.com/link/search/인천+차이나타운,https://www.icjg.go.kr/tour,TRUE,
3hour,대구 동성로,야시장 먹거리 탐방,Night Market Food Exploration,"대구 동성로 야시장 길거리 음식 탐방
▪ 동성로 메인 거리 → 서문시장 야시장
▪ 떡볶이·납작만두·대구 스타일 막창
▪ 서문시장 야시장 매주 금·토·일 운영","Daegu Dongseongno night market street food tour
▪ Dongseongno main street → Seomun Market Night Market
▪ Tteokbokki · flat mandu · Daegu-style makchang
▪ Seomun Market Night Market: Fri/Sat/Sun only",큰장로26길 45 (서문시장),"Seomun Market, Daegu Jung-gu",지하철 3호선 서문시장역 1번 출구 → 도보 3분 → 서문시장 야시장,1.5시간,easy,"식비 10,000~20,000원",https://map.naver.com/v5/search/대구+서문시장+야시장,https://map.kakao.com/link/search/대구+서문시장+야시장,https://www.daegu.go.kr/tour,TRUE,
3hour,수원 화성,수원 화성 성곽 투어,Suwon Hwaseong Fortress Tour,"유네스코 세계문화유산 수원 화성 성곽 투어
▪ 장안문 → 방화수류정 → 화홍문 → 팔달문
▪ 4대문 + 성곽 전체 둘레 5.7km
▪ 화성행궁 내부 관람 연계 가능","UNESCO Suwon Hwaseong Fortress wall tour
▪ Janganmun → Banghwasuryu → Hwahongmun → Paldalmun
▪ 4 gates + full 5.7km fortress walk
▪ Hwaseong Haenggung (palace) tour optional",장안동 1-1 (장안문),"Janganmun Gate, Paldal-gu, Suwon-si",1호선 수원역 2번 출구 → 마을버스 11번 → 화성행궁 정류장 (약 15분),2.5시간,medium,"입장료 1,000원",https://map.naver.com/v5/search/수원화성,https://map.kakao.com/link/search/수원화성,https://www.swcf.or.kr,TRUE,
3hour,속초 대포항,대포항 새벽 어시장,Daepohang Dawn Fish Market,"속초 대포항 새벽 어시장 탐방
▪ 새벽 5~8시 가장 활기
▪ 갓 잡은 생선·활어회 현장 구매
▪ 아바이마을 갯배 체험 연계 가능","Sokcho Daepohang dawn fish market visit
▪ Most active 5–8am
▪ Fresh catch & live fish on-site purchase
▪ Abai Village ferry experience nearby",대포항길 16,"16 Daepohang-gil, Sokcho-si, Gangwon-do",속초버스터미널 → 시내버스 1·1-1번 → 대포항 정류장 (약 10분),1.5시간,easy,무료 (시식 별도),https://map.naver.com/v5/search/속초+대포항,https://map.kakao.com/link/search/속초+대포항,https://www.sokcho.go.kr/tour,TRUE,
3hour,서울 강남,K-POP 댄스 클래스,K-POP Dance Class,"K-POP 안무 2시간 체험 클래스
▪ 최신 아이돌 안무 집중 학습
▪ 소그룹 진행 (정원 10명 내외)
▪ 수료 영상 촬영 포함","K-POP choreography 2-hour experience
▪ Latest idol dance intensive
▪ Small group (up to ~10 persons)
▪ Wrap-up video shoot included",강남대로 396,"396 Gangnam-daero, Gangnam-gu, Seoul",2호선·신분당선 강남역 11번 출구 → 도보 5분,2시간,medium,"30,000~50,000원",https://map.naver.com/v5/search/강남+KPOP댄스,https://map.kakao.com/link/search/강남+KPOP댄스,해당없음,FALSE,
recommend,서울 이태원,세계 요리 쿠킹 클래스,Global Cuisine Cooking Class,"이태원 셰프와 함께하는 3시간 쿠킹 클래스
▪ 한식·아시안·서양 요리 3개 메뉴 실습
▪ 식재료·조리 도구 전부 제공
▪ 완성 요리 식사 포함","3-hour cooking class with Itaewon chef
▪ Korean · Asian · Western 3-menu hands-on
▪ All ingredients & tools provided
▪ Meal with completed dishes included",이태원로 221,"221 Itaewon-ro, Yongsan-gu, Seoul",6호선 이태원역 3번 출구 → 도보 5분,3시간,medium,"50,000~70,000원",https://map.naver.com/v5/search/이태원+쿠킹클래스,https://map.kakao.com/link/search/이태원+쿠킹클래스,해당없음,FALSE,
3hour,서울 성수,레더 공방 체험,Leather Workshop,"성수동 가죽 공방 수제 지갑 제작
▪ 가죽 재단 → 바느질 → 각인 완성
▪ 소요시간 약 2.5시간
▪ 완성품 당일 수령","Seongsu leather workshop custom wallet making
▪ Leather cutting → stitching → stamping
▪ Approx. 2.5 hours
▪ Take home same day",연무장길 74,"74 Yeonmujang-gil, Seongdong-gu, Seoul",2호선 뚝섬역 1번 출구 → 도보 10분,2.5시간,easy,"70,000~100,000원",https://map.naver.com/v5/search/성수동+가죽공방,https://map.kakao.com/link/search/성수동+가죽공방,해당없음,FALSE,
3hour,부산 광안리,SUP 요가 클래스,SUP Yoga Class,"광안리 패들보드 위 요가 체험
▪ 광안리 해변 출발 → 광안대교 뷰 포인트
▪ 초보 가능 · 강사 1인 동반
▪ 안전 장비·구명조끼 전부 제공","Gwangalli Beach paddleboard yoga experience
▪ Departs Gwangalli Beach → Gwangandaegyo view point
▪ Beginner-friendly · instructor included
▪ All safety gear & life jacket provided",광안해변로 219,"219 Gwanganhaebyeon-ro, Suyeong-gu, Busan",지하철 2호선 광안역 3번 출구 → 도보 10분 → 광안리해수욕장,1.5시간,medium,"40,000~60,000원",https://map.naver.com/v5/search/광안리+SUP,https://map.kakao.com/link/search/광안리+SUP,해당없음,FALSE,
3hour,제주 한림,제주 승마 체험,Jeju Horse Riding,"한라산 자락 제주마 승마 체험
▪ 제주 초원 배경 기념 사진 포함
▪ 초보 가능 · 안전모·승마복 대여
▪ 렌터카 이용 권장 (제주공항 40분)","Jeju horse riding at Hallasan foothills
▪ Jeju grassland backdrop photo included
▪ Beginner-friendly · helmet & riding gear rental
▪ Rental car recommended (40min from Jeju Airport)",금악리 일대 (제주시 한림읍),"Geumak-ri, Hallim-eup, Jeju-si, Jeju","※ 렌터카 이용 권장 — 제주공항 출발 약 40분
버스: 제주버스터미널 → 한림읍 방면 시외버스",2시간,easy,"60,000~80,000원",https://map.naver.com/v5/search/제주+승마,https://map.kakao.com/link/search/제주+승마,해당없음,FALSE,
recommend,경주 보문,신라 도자기 만들기,Silla Pottery Making,"경주 전통 도예 공방 신라 도자기 체험
▪ 흙 성형 → 건조 → 유약 → 완성품 배송
▪ 소요시간 약 3시간
▪ 완성품 2~3주 후 택배 수령","Gyeongju pottery workshop Silla-style ceramics
▪ Clay shaping → drying → glazing → delivery
▪ Approx. 3 hours
▪ Completed piece shipped in 2–3 weeks",보문로 424,"424 Bomun-ro, Gyeongju-si, Gyeongsangbuk-do",KTX 신경주역 → 경주 시내버스 700번 → 보문단지 정류장 (약 20분),3시간,medium,"50,000~70,000원",https://map.naver.com/v5/search/경주+도예공방,https://map.kakao.com/link/search/경주+도예공방,해당없음,FALSE,
recommend,강릉 주문진,새우잡이 어선 체험,Shrimp Fishing Boat Experience,"주문진항 출발 동해 새우잡이 어선 승선
▪ 조업 체험 → 갓 잡은 새우 현장 시식
▪ 소요시간 약 4시간
▪ 멀미약 사전 복용 권장","East Sea shrimp fishing boat from Jumunjin Harbor
▪ Hands-on fishing → freshly caught shrimp tasting
▪ Approx. 4 hours
▪ Motion sickness medicine recommended",주문북로 308,"308 Jumunbuk-ro, Jumunjin-eup, Gangneung-si, Gangwon-do",KTX 강릉역 → 시내버스 300번 → 주문진항 정류장 (약 30분),4시간,hard,"80,000~100,000원",https://map.naver.com/v5/search/주문진항,https://map.kakao.com/link/search/주문진항,해당없음,FALSE,
3hour,전주 한지,전통 한지 공예,Traditional Hanji Paper Craft,"전주 한지 장인과 함께하는 한지 공예 체험
▪ 닥나무 → 한지 제작 원리 설명
▪ 한지 부채·엽서·등 만들기 선택
▪ 완성품 당일 수령","Traditional hanji craft with Jeonju master artisan
▪ Mulberry tree → hanji making process explanation
▪ Choose: fan, postcard, or lantern making
▪ Take home same day",팔복로 59 (한지박물관 인근),"Near Hanji Museum, Deokjin-gu, Jeonju-si, Jeonbuk-do",KTX 전주역 → 시내버스 54번 → 덕진공원 정류장 (약 15분),2시간,easy,"40,000~60,000원",https://map.naver.com/v5/search/전주+한지공방,https://map.kakao.com/link/search/전주+한지공방,해당없음,FALSE,
3hour,인천 강화,강화 갯벌 체험,Ganghwa Tidal Flat Experience,"강화도 갯벌 조개 캐기·낙지 잡기 체험
▪ 가족·커플 최적 코스
▪ 고무장갑·장화 대여 가능
▪ 만조 시간 확인 후 방문 필수","Ganghwa tidal flat clam digging & octopus catching
▪ Ideal for families & couples
▪ Rubber gloves & boots rental available
▪ Must check tide schedule before visit",화도면 해안남로 일대,"Hwado-myeon coast, Ganghwa-gun, Incheon",신촌역(2호선) → 3000번 버스 → 강화터미널 → 군내버스 환승 (총 약 1시간 30분),2시간,easy,"30,000~50,000원",https://map.naver.com/v5/search/강화도+갯벌체험,https://map.kakao.com/link/search/강화도+갯벌체험,해당없음,FALSE,
3hour,대구 앞산,앞산 패러글라이딩,Apsan Paragliding,"대구 앞산 패러글라이딩 체험
▪ 대구 시내 전경 조망 비행
▪ 소요시간 약 1시간 (대기 포함)
▪ 강사 동반 2인 탠덤 비행","Apsan Mountain paragliding experience
▪ Aerial view of Daegu city panorama
▪ Approx. 1 hour including wait
▪ Tandem flight with certified instructor",앞산순환로 574,"574 Apsansunhwan-ro, Nam-gu, Daegu",지하철 1호선 앞산역 2번 출구 → 앞산순환버스 → 앞산공원 (약 20분),1시간,medium,"120,000~150,000원",https://map.naver.com/v5/search/앞산+패러글라이딩,https://map.kakao.com/link/search/앞산+패러글라이딩,해당없음,FALSE,
recommend,수원 영통,서바이벌 게임,Paintball Survival Game,"수원 실내 서바이벌 페인트볼 게임
▪ 팀 구성 → 전술 브리핑 → 실전 게임
▪ 보호 장비 전부 대여 포함
▪ 4인 이상 예약 권장","Suwon indoor paintball survival game
▪ Team formation → briefing → live game
▪ All protective gear rental included
▪ 4+ person booking recommended",영통로 일대 (수원시 영통구),"Yeongtong-gu, Suwon-si, Gyeonggi-do",분당선 영통역 1번 출구 → 도보 10분,3시간,medium,"50,000~70,000원",https://map.naver.com/v5/search/수원+서바이벌게임,https://map.kakao.com/link/search/수원+서바이벌게임,해당없음,FALSE,
recommend,속초 설악,설악산 암벽 등반,Seoraksan Rock Climbing,"설악산 울산바위 암벽 등반 입문 코스
▪ 기초 장비 사용법 → 실전 등반
▪ 설악산 절경 배경 등반 체험
▪ 전문 가이드 동반 필수 · 초보 가능","Seoraksan Ulsanbawi intro rock climbing course
▪ Basic gear training → actual climbing
▪ Seoraksan scenery as backdrop
▪ Professional guide required · beginner welcome",설악산로 833,"833 Seoraksan-ro, Sokcho-si, Gangwon-do",속초버스터미널 → 7번 버스 → 설악산 소공원 (약 20분),4시간,hard,"100,000~120,000원",https://map.naver.com/v5/search/설악산+암벽등반,https://map.kakao.com/link/search/설악산+암벽등반,해당없음,FALSE,
3hour,서울 광화문,청와대 역사 투어,Blue House History Tour,"청와대 대통령 관저 개방 투어
▪ 청와대 본관 → 영빈관 → 춘추관 → 녹지원
▪ 사전 예약 필수 (청와대 공식 홈페이지)
▪ 신분증 지참 필수","Presidential Blue House open tour
▪ Main building → Yeongbingwan → Chunchugwan → Nokjiwon
▪ Prior reservation required (official website)
▪ ID required",청와대로 1,"1 Cheongwadae-ro, Jongno-gu, Seoul",3호선 경복궁역 4번 출구 → 도보 15분 → 청와대 입구,2시간,easy,무료 (사전 예약),https://map.naver.com/v5/search/청와대,https://map.kakao.com/link/search/청와대,https://www.cheongwadae.go.kr,FALSE,
3hour,서울 종로,창덕궁 비원 특별관람,Changdeokgung Secret Garden Tour,"창덕궁 후원(비원) 특별관람 코스
▪ 부용지 → 애련지 → 옥류천 → 연경당
▪ 사전 예약 필수 (문화재청 예약 시스템)
▪ 인원 제한 소규모 가이드 투어","Changdeokgung Huwon (Secret Garden) special tour
▪ Buyongji → Aeryanji → Okryucheon → Yeongyeongdang
▪ Prior reservation required (Cultural Heritage Administration)
▪ Small group guided tour",율곡로 99,"99 Yulgok-ro, Jongno-gu, Seoul",3호선 안국역 3번 출구 → 도보 5분 → 창덕궁 정문(돈화문),2시간,easy,"성인 8,000원",https://map.naver.com/v5/search/창덕궁+비원,https://map.kakao.com/link/search/창덕궁+비원,https://www.cdg.go.kr,TRUE,
3hour,서울 종로,북촌 한옥마을 골목 탐방,Bukchon Hanok Village Alley Walk,"북촌 8경 한옥 골목 탐방 코스
▪ 가회동 31번지 → 11경 → 삼청동 카페거리
▪ 조선시대 양반 주거 문화 체험
▪ 주말 오전 9시 이전 방문 권장 (혼잡 방지)","Bukchon 8 scenic spots hanok alley walk
▪ Gahoe-dong 31 → 11 spots → Samcheong-dong cafe street
▪ Joseon-era noble residential culture
▪ Weekend visit before 9am recommended",계동길 37,"37 Gyedong-gil, Jongno-gu, Seoul",3호선 안국역 2번 출구 → 도보 5분 → 북촌문화센터,2시간,easy,무료,https://map.naver.com/v5/search/북촌한옥마을,https://map.kakao.com/link/search/북촌한옥마을,해당없음,TRUE,
3hour,서울 종로,광화문·세종대로 역사 산책,Gwanghwamun & Sejong-daero History Walk,"광화문 광장 역사 산책 코스
▪ 광화문 → 세종대왕 동상 → 이순신 동상 → 청계광장
▪ 광화문 수문장 교대식 (10:00·14:00·16:00)
▪ 지하 광화문광장 역사 전시 무료 관람","Gwanghwamun Square history walk
▪ Gwanghwamun → King Sejong statue → Admiral Yi statue → Cheonggye Plaza
▪ Guard ceremony 10:00 / 14:00 / 16:00
▪ Underground exhibition free admission",세종대로 172,"172 Sejong-daero, Jongno-gu, Seoul",5호선 광화문역 1·8번 출구 → 도보 1분 → 광화문 광장,1.5시간,easy,무료,https://map.naver.com/v5/search/광화문광장,https://map.kakao.com/link/search/광화문광장,해당없음,TRUE,
3hour,서울 용산,국립중앙박물관 하이라이트 투어,National Museum of Korea Highlights Tour,"국립중앙박물관 핵심 전시 투어
▪ 선사·고대관 → 반가사유상 → 고려청자 → 조선실
▪ 상설전시 무료 · 오디오가이드 3,000원
▪ 거울못 야외 정원 산책 연계","National Museum of Korea core collection tour
▪ Prehistoric·Ancient → Pensive Bodhisattva → Goryeo celadon → Joseon hall
▪ Permanent exhibition free · Audio guide 3,000 KRW
▪ Mirror Pond outdoor garden walk",서빙고로 137,"137 Seobinggo-ro, Yongsan-gu, Seoul",4호선·경의중앙선 이촌역 2번 출구 → 도보 5분 → 박물관 정문,2시간,easy,무료 (특별전 별도),https://map.naver.com/v5/search/국립중앙박물관,https://map.kakao.com/link/search/국립중앙박물관,https://www.museum.go.kr,TRUE,
3hour,서울 마포,망원동 로컬 마켓 탐방,Mangwon Local Market Exploration,"망원동 망원시장 로컬 탐방 코스
▪ 망원시장 → 망리단길 카페거리 → 한강 망원공원
▪ 떡볶이·순대·빈대떡 현지 분식 체험
▪ 홍대·연남동 연계 가능","Mangwon-dong local market exploration
▪ Mangwon Market → Mangridan-gil cafe street → Hangang Mangwon Park
▪ Local bunsik: tteokbokki · sundae · bindaetteok
▪ Connects to Hongdae · Yeonnam",망원로 39,"39 Mangwon-ro, Mapo-gu, Seoul",6호선 망원역 2번 출구 → 도보 3분 → 망원시장 입구,2시간,easy,"식비 10,000원~",https://map.naver.com/v5/search/망원시장,https://map.kakao.com/link/search/망원시장,해당없음,TRUE,
3hour,서울 성동,서울숲 피크닉 코스,Seoul Forest Picnic Course,"서울숲 도심 속 힐링 피크닉 코스
▪ 문화예술공원 → 생태숲 → 곤충식물원 → 한강수변공원
▪ 사슴 방사장 무료 관람
▪ 따릉이 대여 후 한강변 자전거 연계","Seoul Forest urban healing picnic
▪ Culture & Art Park → Eco Forest → Insect·Plant Garden → Hangang waterfront
▪ Free deer habitat viewing
▪ Connect to Han River cycling via Ddareungi",뚝섬로 273,"273 Ttukseom-ro, Seongdong-gu, Seoul",분당선 서울숲역 3번 출구 → 도보 5분 → 서울숲 정문,2시간,easy,무료,https://map.naver.com/v5/search/서울숲,https://map.kakao.com/link/search/서울숲,해당없음,TRUE,
3hour,서울 강남,코엑스 별마당 도서관 투어,COEX Starfield Library Tour,"코엑스 별마당 도서관 & 쇼핑몰 투어
▪ 별마당 도서관(무료) → SM 아티움 → 강남구 도산공원
▪ 13m 높이 서가 인증 포토존
▪ SM 아티움 SM 아티스트 전시 무료 관람","COEX Starfield Library & mall tour
▪ Starfield Library (free) → SM Atrium → Dosan Park
▪ 13m-high bookshelf photo spot
▪ SM Atrium artist exhibition free",영동대로 513 코엑스몰,"513 Yeongdong-daero, Gangnam-gu, Seoul (COEX Mall)",2호선 삼성역 5·6번 출구 → 지하 직결 → 별마당 도서관,2시간,easy,무료,https://map.naver.com/v5/search/별마당도서관,https://map.kakao.com/link/search/별마당도서관,해당없음,TRUE,
3hour,서울 송파,잠실 한강공원 야경 코스,Jamsil Hangang Night View Course,"잠실 한강공원 야경 산책 코스
▪ 롯데월드타워 서울스카이 뷰 → 한강 수변 산책
▪ 해질녘 방문 시 서울 최고 야경
▪ 치맥 피크닉 · 따릉이 야간 대여 가능","Jamsil Hangang Park night view walk
▪ Lotte World Tower Seoul Sky view → Hangang riverside walk
▪ Best Seoul night view at sunset
▪ Chimaek picnic · Ddareungi night rental",올림픽로 240 잠실한강공원,"Jamsil Hangang Park, 240 Olympic-ro, Songpa-gu, Seoul",2호선·8호선 잠실역 1번 출구 → 도보 10분 → 잠실한강공원,2시간,easy,무료,https://map.naver.com/v5/search/잠실한강공원,https://map.kakao.com/link/search/잠실한강공원,해당없음,TRUE,
recommend,속초 청초,바다 낚시 투어,Sea Fishing Tour,"속초 청초호 출발 동해 바다 낚시 투어
▪ 선상 낚시 4시간 · 낚시 장비 전부 제공
▪ 갓 잡은 생선 회 현장 시식
▪ 멀미약 사전 복용 권장","East Sea fishing tour from Sokcho Cheongcho Lake
▪ 4hr boat fishing · all gear provided
▪ Freshly caught sashimi on board
▪ Motion sickness medicine recommended",청초호반로 215,"215 Cheongchohoban-ro, Sokcho-si, Gangwon-do",속초버스터미널 → 시내버스 1번 → 청초호 정류장 (약 10분),4시간,easy,"70,000~90,000원",https://map.naver.com/v5/search/속초+낚시,https://map.kakao.com/link/search/속초+낚시,해당없음,FALSE,
recommend,서울 한남,개인 스타일링 컨설팅,Personal Styling Consultation,"한남동 1:1 퍼스널 패션 스타일링
▪ 퍼스널 컬러 진단 → 체형 분석 → 스타일 제안
▪ 3시간 집중 컨설팅
▪ 한남동 편집숍 쇼핑 동행 옵션","Hannam-dong 1:1 personal fashion styling
▪ Personal color diagnosis → body type analysis → style proposal
▪ 3-hour intensive consultation
▪ Hannam select shop shopping accompaniment option",한남대로20길 일대,"Hannam-daero 20-gil area, Yongsan-gu, Seoul",6호선 한강진역 2번 출구 → 도보 10분 → 한남동 일대,3시간,easy,"150,000~200,000원",https://map.naver.com/v5/search/한남동+스타일링,https://map.kakao.com/link/search/한남동+스타일링,해당없음,FALSE,
recommend,서울 종로,을지로 노포·힙지로 탐방,Euljiro Old Shops & Hip Culture Tour,"을지로 인쇄·공구 골목 & 힙지로 탐방
▪ 을지로3가 노포 골목 → 세운상가 → 힙지로 카페
▪ 인쇄골목·전기부품 시장 레트로 감성
▪ 독립 서점·갤러리 연계","Euljiro printing·tools alley & hip culture
▪ Euljiro 3-ga old shops → Sewoon Arcade → hip cafes
▪ Retro vibe in printing alley & electronics market
▪ Independent bookshops & galleries nearby",을지로 16길 일대,"Euljiro 16-gil area, Jung-gu, Seoul",2호선·3호선 을지로3가역 2번 출구 → 도보 1분 → 을지로 골목,3시간,easy,무료,https://map.naver.com/v5/search/을지로3가+힙지로,https://map.kakao.com/link/search/을지로3가+힙지로,해당없음,TRUE,
recommend,서울 마포,합정·상수 카페 골목 투어,Hapjeong & Sangsu Cafe Alley Tour,"합정·상수동 독립 카페 골목 투어
▪ 합정역 → 당인리문화창작발전소 → 상수동 카페 골목
▪ 2호선·6호선 환승 접근성 최고
▪ 메세나폴리스몰 쇼핑 연계","Hapjeong & Sangsu-dong indie cafe alley tour
▪ Hapjeong station → Danginri Power Plant → Sangsu cafe alley
▪ Best access via Line 2·6 transfer
▪ Connects to Mecenatpolis Mall",독막로 주변,"Dongmak-ro area, Mapo-gu, Seoul",2호선·6호선 합정역 7번 출구 → 도보 3분 → 상수동 카페 골목,3시간,easy,"음료 7,000원~",https://map.naver.com/v5/search/상수동+카페,https://map.kakao.com/link/search/상수동+카페,해당없음,TRUE,
recommend,서울 용산,이태원 다국적 음식거리 탐방,Itaewon Multicultural Food Street Tour,"이태원 다국적 음식거리 탐방 코스
▪ 이태원역 → 이슬람 거리 → 경리단길 → 녹사평
▪ 할랄·인도·태국·멕시칸 등 20개국 음식
▪ 서울중앙성원 외관 관람 가능","Itaewon multicultural food street exploration
▪ Itaewon station → Islam Street → Gyeongnidan-gil → Noksapyeong
▪ 20+ cuisines: halal · Indian · Thai · Mexican
▪ Seoul Central Masjid exterior viewing",이태원로 주변,"Itaewon-ro area, Yongsan-gu, Seoul",6호선 이태원역 3번 출구 → 도보 1분 → 이태원 메인 거리,3시간,easy,"식비 15,000원~",https://map.naver.com/v5/search/이태원+음식거리,https://map.kakao.com/link/search/이태원+음식거리,해당없음,TRUE,
recommend,서울 강북,낙산공원·이화동 벽화마을 코스,Naksan Park & Ihwa Mural Village Course,"낙산공원 성곽길 + 이화동 벽화마을 코스
▪ 혜화역 → 낙산공원 성곽 → 이화동 벽화마을 → 대학로
▪ 서울 성곽 낙산 구간 (0.7km)
▪ 야경 포토존 · 대학로 공연 연계","Naksan Park fortress wall + Ihwa mural village
▪ Hyehwa station → Naksan fortress walk → Ihwa murals → Daehangno
▪ Seoul City Wall Naksan section (0.7km)
▪ Night view photo spots · Daehangno performance",낙산길 41,"41 Naksan-gil, Jongno-gu, Seoul",4호선 혜화역 2번 출구 → 도보 10분 → 낙산공원 입구,3시간,easy,무료,https://map.naver.com/v5/search/낙산공원,https://map.kakao.com/link/search/낙산공원,해당없음,TRUE,
recommend,서울 영등포,여의도 봄 벚꽃 산책,Yeouido Cherry Blossom Walk,"여의도 윤중로 벚꽃 산책 코스
▪ 여의도공원 → 윤중로 벚꽃길 → 국회의사당 앞
▪ 매년 4월 초·중순 절정 (기상청 개화 예보 확인)
▪ 평일 이른 아침 방문 권장 (주말 극혼잡)","Yeouido Yunjung-ro cherry blossom walk
▪ Yeouido Park → Yunjung-ro blossom path → National Assembly
▪ Peak early-mid April (check KMA bloom forecast)
▪ Weekday early morning visit recommended",여의공원로 68,"68 Yeoui Gonwon-ro, Yeongdeungpo-gu, Seoul",5호선·9호선 여의도역 4번 출구 → 도보 5분 → 여의도공원 입구,2시간,easy,무료,https://map.naver.com/v5/search/여의도벚꽃,https://map.kakao.com/link/search/여의도벚꽃,해당없음,TRUE,
1day,인천 을왕리,서핑 레슨 3회 패키지,Surfing 3-Session Package,"을왕리 해변 서핑 입문 3회 패키지
▪ 1회: 기초 이론·준비운동 → 파도 입문
▪ 2~3회: 파도 타기 반복 실습
▪ 보드·슈트 전부 대여 포함","Eulwangri Beach beginner surfing 3-session package
▪ Session 1: basics & intro to waves
▪ Sessions 2–3: wave riding practice
▪ Board & wetsuit rental included",을왕동 을왕리해수욕장 일대,"Eulwangri Beach, Eulwang-dong, Jung-gu, Incheon",공항철도 운서역 → 버스 환승 → 을왕리해수욕장 (약 20분),6시간 (3회),medium,"120,000~150,000원",https://map.naver.com/v5/search/을왕리+서핑,https://map.kakao.com/link/search/을왕리+서핑,해당없음,FALSE,
1day,서울 전체,서울 5대 궁궐 하루 투어,Seoul 5 Royal Palaces One-Day Tour,"서울 5대 궁궐 당일 완주 코스
▪ 경복궁 → 창덕궁 → 창경궁 → 덕수궁 → 경희궁
▪ 도보+버스 이동 · 소요시간 약 8시간
▪ 통합관람권 구매 시 할인","Seoul 5 royal palaces one-day full course
▪ Gyeongbokgung → Changdeokgung → Changgyeonggung → Deoksugung → Gyeonghuigung
▪ Walk + bus · approx. 8 hours
▪ Combo ticket discount available",사직로 161 (경복궁 출발),"Starting from Gyeongbokgung, Jongno-gu, Seoul",3호선 경복궁역 5번 출구 → 광화문(정문) → 투어 시작,8시간,medium,"통합관람권 10,000원",https://map.naver.com/v5/search/경복궁,https://map.kakao.com/link/search/경복궁,https://www.royalpalace.go.kr,TRUE,
1day,서울 전체,서울 한강 다리 자전거 투어,Seoul Han River Bridge Cycling Tour,"한강 자전거 도로 종주 코스
▪ 마포대교 → 한강대교 → 잠실대교 (편도 약 20km)
▪ 따릉이 대여 (시간당 1,000원) 또는 개인 자전거
▪ 한강변 편의점·매점 이용 가능","Han River cycling path full route
▪ Mapo Bridge → Hangang Bridge → Jamsil Bridge (one-way ~20km)
▪ Ddareungi rental (1,000 KRW/hr) or personal bike
▪ Convenience stores along the route",여의동로 330 (여의도 출발),"Starting from Yeouido Hangang Park, Seoul",5호선·9호선 여의도역 3번 출구 → 도보 7분 → 여의도 따릉이 대여소,5시간,medium,"따릉이 5,000원 (1일권)",https://map.naver.com/v5/search/여의도한강공원+따릉이,https://map.kakao.com/link/search/여의도한강공원,https://www.bikeseoul.com,TRUE,
3hour,서울 종로,경복궁 야간 특별관람,Gyeongbokgung Night Palace Tour,"경복궁 야간 특별관람 (수·목·금·토 한정)
▪ 조명 밝힌 근정전·경회루 야경 감상
▪ 사전 예약 필수 (예매 오픈 당일 조기 마감)
▪ 한복 착용 시 분위기 배가","Gyeongbokgung special night tour (Wed·Thu·Fri·Sat only)
▪ Illuminated Geunjeongjeon & Gyeonghoeru night view
▪ Prior reservation required (sells out fast)
▪ Hanbok recommended",사직로 161,"161 Sajik-ro, Jongno-gu, Seoul",3호선 경복궁역 5번 출구 → 도보 5분 → 광화문(정문),2시간,easy,"성인 3,000원",https://map.naver.com/v5/search/경복궁야간관람,https://map.kakao.com/link/search/경복궁야간관람,https://www.royalpalace.go.kr,FALSE,
3hour,서울 중구,남산 케이블카 & 타워 투어,Namsan Cable Car & Tower Tour,"남산 케이블카 탑승 + N서울타워 전망대
▪ 명동역 → 남산 케이블카 탑승 → N서울타워 전망대
▪ 전망대 기준 반경 40km 시야
▪ 자물쇠 광장 + 남산 야경 명소","Namsan cable car + N Seoul Tower observatory
▪ Myeongdong station → cable car → N Seoul Tower observatory
▪ 40km radius view from tower
▪ Lock plaza + best Seoul night view",남산공원길 105,"105 Namsangongwon-gil, Yongsan-gu, Seoul",4호선 명동역 3번 출구 → 남산 케이블카 탑승장 (도보 10분 또는 버스 02),2시간,easy,"케이블카 왕복 15,000원 + 전망대 21,000원",https://map.naver.com/v5/search/남산케이블카,https://map.kakao.com/link/search/남산케이블카,https://www.nseoultower.com,FALSE,
recommend,서울 강남,청담 프라이빗 다이닝 투어,Cheongdam Private Dining Tour,"청담동 파인 다이닝 & 럭셔리 쇼핑 코스
▪ 청담 도산공원 → 명품 편집숍 → 파인 다이닝
▪ 국내 미쉐린 스타 레스토랑 밀집 지역
▪ 예약 필수 (최소 2주 전)","Cheongdam-dong fine dining & luxury shopping
▪ Dosan Park → luxury select shops → fine dining
▪ Korea's highest density of Michelin-starred restaurants
▪ Reservation required (min. 2 weeks ahead)",도산대로 주변,"Dosan-daero area, Gangnam-gu, Seoul",7호선 청담역 13번 출구 → 도보 5분 → 도산공원,4시간,easy,"1인 100,000원~",https://map.naver.com/v5/search/청담동+파인다이닝,https://map.kakao.com/link/search/청담동+파인다이닝,해당없음,FALSE,
3hour,서울 성동,성수동 공방 투어,Seongsu Workshop District Tour,"성수동 수제 공방 체험 투어
▪ 수제화 공방 → 가죽 공방 → 도자기 공방 중 선택
▪ 성수 카페거리 연계 (커피·브런치)
▪ 서울숲 산책 마무리","Seongsu-dong handcraft workshop experience
▪ Choose: handmade shoes · leather · ceramics workshop
▪ Seongsu cafe street (coffee·brunch) nearby
▪ Finish with Seoul Forest walk",연무장길 일대,"Yeonmujang-gil area, Seongdong-gu, Seoul",2호선 성수역 3번 출구 → 도보 5분 → 성수동 공방 거리,3시간,easy,"공방별 30,000~100,000원",https://map.naver.com/v5/search/성수동+공방,https://map.kakao.com/link/search/성수동+공방,해당없음,FALSE,
recommend,서울 중구,덕수궁·정동 역사 투어,Deoksugung & Jeongdong History Tour,"덕수궁 + 정동 근대 역사 투어
▪ 덕수궁 → 덕수궁 돌담길 → 정동극장 → 이화여고 심슨기념관
▪ 수문장 교대식 (화~일 11:00·14:00)
▪ 대한제국 역사 + 근대 문화재 밀집","Deoksugung Palace + Jeongdong modern history tour
▪ Deoksugung → stone wall path → Jeongdong Theater → Ewha HS Simpson Hall
▪ Guard ceremony Tue–Sun 11:00 / 14:00
▪ Korean Empire history + modern heritage cluster",세종대로 99,"99 Sejong-daero, Jung-gu, Seoul",1호선·2호선 시청역 2번 출구 → 도보 3분 → 덕수궁 대한문(정문),3시간,easy,"성인 1,000원",https://map.naver.com/v5/search/덕수궁,https://map.kakao.com/link/search/덕수궁,https://www.deoksugung.go.kr,FALSE,
3hour,서울 강남,K-뷰티 체험 & 메이크업 클래스,K-Beauty Experience & Makeup Class,"강남 K-뷰티 메이크업 클래스
▪ 한국식 스킨케어 루틴 → 아이돌 메이크업 실습
▪ 1:1 또는 소그룹 진행
▪ 전문 메이크업 아티스트 지도","Gangnam K-Beauty makeup class
▪ Korean skincare routine → idol makeup hands-on
▪ 1:1 or small group session
▪ Professional makeup artist instruction",강남대로 주변,"Gangnam-daero area, Gangnam-gu, Seoul",2호선·신분당선 강남역 9번 출구 → 도보 5분,2시간,easy,"50,000~80,000원",https://map.naver.com/v5/search/강남+메이크업클래스,https://map.kakao.com/link/search/강남+메이크업클래스,해당없음,FALSE,
nightview,서울 중구,청계천 야간 산책 코스,Cheonggyecheon Night Walk,"청계천 야간 조명 산책 코스
▪ 청계광장 → 광교 → 오간수교 → 두물다리
▪ 야간 조명 점등 일몰 후 ~ 24:00
▪ 겨울 빛 축제 기간 특히 추천","Cheonggyecheon night illumination walk
▪ Cheonggye Plaza → Gwanggyo Bridge → Ogansu Bridge → Dumul Bridge
▪ Night lights from sunset to midnight
▪ Especially recommended during winter light festival",청계광장로 1,"1 Cheonggyegwangjangnon-ro, Jongno-gu, Seoul",5호선 광화문역 5번 출구 → 도보 3분 → 청계광장,1.5시간,easy,무료,https://map.naver.com/v5/search/청계천,https://map.kakao.com/link/search/청계천,해당없음,TRUE,
1day,속초 노학,노학동 서핑 스쿨,Nohak Surf School,"속초 노학동 서핑 스쿨 3회 패키지
▪ 동해 실파도로 배우는 리얼 서핑
▪ 소규모 클래스 (1팀 6명 이하)
▪ 보드·슈트·안전 장비 전부 포함","Sokcho Nohak Surf School 3-session package
▪ Real surfing on East Sea waves
▪ Small class (up to 6 per group)
▪ Board, wetsuit & all safety gear included",노학동 동해안로 일대,"Nohak-dong coastal area, Sokcho-si, Gangwon-do",속초버스터미널 → 시내버스 1-1번 → 노학동 정류장 (약 15분),6시간 (3회),medium,"100,000~120,000원",https://map.naver.com/v5/search/속초+서핑스쿨,https://map.kakao.com/link/search/속초+서핑스쿨,해당없음,FALSE,
1day,부산 송정,송정 서핑 마스터 코스,Songjeong Surf Master Course,"송정 해변 서핑 5일 집중 마스터 코스
▪ 초보 → 중급 단계별 커리큘럼
▪ 일 2~3시간 · 5일 연속 진행
▪ 수료증 발급","Songjeong Beach 5-day intensive surf master course
▪ Beginner → intermediate step-by-step curriculum
▪ 2–3 hours/day · 5 consecutive days
▪ Certificate of completion issued",송정광어골로 139,"139 Songjeong-gwangeo-gol-ro, Haeundae-gu, Busan",동해선 송정역 1번 출구 → 도보 15분 → 송정해수욕장,총 5일 코스,hard,"200,000~250,000원",https://map.naver.com/v5/search/송정해수욕장,https://map.kakao.com/link/search/송정해수욕장,해당없음,FALSE,
1day,서울 성동,성수 수제화 제작,Seongsu Handmade Shoes Workshop,"성수동 수제화 공방 3회 방문 맞춤 구두 제작
▪ 1회: 발 사이즈 측정·가죽 선택
▪ 2회: 재단·봉제
▪ 3회: 마감·완성품 수령","Seongsu handmade shoe workshop 3-visit custom course
▪ Visit 1: foot measurement & leather selection
▪ Visit 2: cutting & stitching
▪ Visit 3: finishing & pickup",연무장5가길 9,"9 Yeonmujang 5ga-gil, Seongdong-gu, Seoul",2호선 성수역 3번 출구 → 도보 10분,총 9시간 (3회),hard,"250,000~300,000원",https://map.naver.com/v5/search/성수동+수제화공방,https://map.kakao.com/link/search/성수동+수제화공방,해당없음,FALSE,
3hour,강원 속초,속초 아바이마을 갯배 체험,Sokcho Abai Village Ferry Experience,"속초 아바이마을 갯배 도하 체험
▪ 갯배 탑승 (왕복 500원) → 아바이마을 순대 골목
▪ 실향민 문화마을 · 드라마 '가을동화' 촬영지
▪ 청초호·속초해수욕장 연계","Sokcho Abai Village traditional ferry crossing
▪ Gaetbae ferry (round trip 500 KRW) → Abai Village sundae alley
▪ Displaced persons cultural village · 'Autumn in My Heart' filming site
▪ Connects to Cheongcho Lake & Sokcho Beach",청호로 122,"122 Cheongho-ro, Sokcho-si, Gangwon-do",속초버스터미널 → 시내버스 7번 → 속초해수욕장 하차 → 도보 5분,2시간,easy,갯배 500원,https://map.naver.com/v5/search/속초+아바이마을,https://map.kakao.com/link/search/속초+아바이마을,해당없음,TRUE,
3hour,강원 속초,속초 청초호 둘레길 산책,Sokcho Cheongcho Lake Trail Walk,"속초 청초호 수변 둘레길 코스
▪ 청초호반로 → 영랑호 방면 → 속초등대 전망
▪ 둘레길 전 구간 평탄 · 유모차 이용 가능
▪ 영랑호 철새 도래지 (봄·가을 추천)","Sokcho Cheongcho Lake waterfront trail
▪ Cheongchohoban-ro → Yeongrang Lake direction → Sokcho Lighthouse view
▪ Flat trail · stroller-friendly
▪ Yeongrang Lake migratory birds (spring·fall recommended)",청초호반로 일대,"Cheongchohoban-ro area, Sokcho-si, Gangwon-do",속초버스터미널 → 시내버스 1번 → 청초호 정류장 → 도보 2분,1.5시간,easy,무료,https://map.naver.com/v5/search/속초+청초호,https://map.kakao.com/link/search/속초+청초호,해당없음,TRUE,
recommend,강원 속초,설악산 울산바위 트레킹,Seoraksan Ulsanbawi Rock Trekking,"설악산 울산바위 왕복 트레킹 코스
▪ 소공원 → 흔들바위 → 울산바위 (왕복 약 4km)
▪ 소요시간 약 3~4시간 · 중급 난이도
▪ 설악산 케이블카 대안 코스","Seoraksan Ulsanbawi Rock round-trip trek
▪ Sogongwon → Heundeulbawi → Ulsanbawi (round trip ~4km)
▪ Approx. 3–4 hours · intermediate level
▪ Alternative to Seoraksan cable car",설악산로 833,"833 Seoraksan-ro, Sokcho-si, Gangwon-do",속초버스터미널 → 7번 버스 → 설악산 소공원 (약 20분),4시간,medium,"입장료 4,000원",https://map.naver.com/v5/search/설악산+울산바위,https://map.kakao.com/link/search/설악산+울산바위,https://seorak.knps.or.kr,TRUE,
3hour,강원 속초,속초 중앙시장 먹거리 투어,Sokcho Jungang Market Food Tour,"속초 중앙시장 길거리 음식 탐방
▪ 닭강정 → 오징어순대 → 속초 아이스크림 → 명태 코너
▪ 원조 닭강정 골목 위치 확인 필수
▪ 새벽 5시부터 운영 · 오전 방문 추천","Sokcho Jungang Market street food tour
▪ Dakgangjeong → squid sundae → Sokcho ice cream → pollack corner
▪ Confirm original dakgangjeong alley location
▪ Open from 5am · morning visit recommended",중앙로 147,"147 Jungang-ro, Sokcho-si, Gangwon-do",속초버스터미널 → 도보 10분 → 속초중앙시장 입구,2시간,easy,"식비 10,000~20,000원",https://map.naver.com/v5/search/속초중앙시장,https://map.kakao.com/link/search/속초중앙시장,해당없음,TRUE,
3hour,강원 속초,고성 DMZ 평화누리길 투어,Goseong DMZ Peace Trail Tour,"고성 DMZ 평화누리길 특별 투어
▪ 통일전망대 → 금강산전망대 → DMZ 박물관
▪ 출입 시 신분증 지참 필수
▪ 날씨 좋은 날 북한 금강산 조망 가능","Goseong DMZ Peace Nuri-gil special tour
▪ Unification Observatory → Geumgangsan Observatory → DMZ Museum
▪ ID required for entry
▪ Mt. Geumgang (North Korea) visible on clear days",현내면 금강산로 481,"481 Geumgangsan-ro, Hyeonnae-myeon, Goseong-gun, Gangwon-do",속초버스터미널 → 속초~간성 버스 → 통일전망대 입구 (약 1시간),3시간,easy,"입장료 3,000원 + 버스비",https://map.naver.com/v5/search/고성+통일전망대,https://map.kakao.com/link/search/고성+통일전망대,해당없음,FALSE,
3hour,강원 강릉,강릉 경포해변 & 경포호 코스,Gangneung Gyeongpo Beach & Lake Course,"경포해변 + 경포호 수변 산책 코스
▪ 경포해수욕장 → 경포호 산책로 → 오죽헌
▪ 경포호 수변 카페거리 연계
▪ 4월 벚꽃 시즌 경포호 제일 아름다움","Gyeongpo Beach + lake waterfront walk
▪ Gyeongpo Beach → Gyeongpo Lake trail → Ojukheon
▪ Cafe street along Gyeongpo Lake
▪ Most beautiful during April cherry blossoms",해안로 514,"514 Haean-ro, Gangneung-si, Gangwon-do",KTX 강릉역 → 시내버스 202번 → 경포해변 정류장 (약 20분),2시간,easy,무료,https://map.naver.com/v5/search/강릉+경포해변,https://map.kakao.com/link/search/강릉+경포해변,해당없음,TRUE,
3hour,강원 강릉,오죽헌 & 강릉 역사 탐방,Ojukheon & Gangneung History Tour,"오죽헌 + 강릉 역사 문화 탐방
▪ 오죽헌(신사임당·율곡이이 생가) → 강릉시립박물관
▪ 5만원권·1000원권 지폐 속 실제 장소
▪ 대나무밭·연못 포토존","Ojukheon birthplace + Gangneung history
▪ Ojukheon (Sin Saimdang·Yulgok Yi birthplace) → Gangneung City Museum
▪ Actual site depicted on 50,000 won & 1,000 won bills
▪ Bamboo grove & pond photo spots",율곡로3139번길 24,"24 Yulgok-ro 3139beon-gil, Gangneung-si, Gangwon-do",KTX 강릉역 → 시내버스 202번 → 오죽헌 정류장 (약 20분),1.5시간,easy,"성인 3,000원",https://map.naver.com/v5/search/오죽헌,https://map.kakao.com/link/search/오죽헌,https://www.ojukheon.or.kr,TRUE,
recommend,강원 강릉,강릉 정동진 일출 코스,Gangneung Jeongdongjin Sunrise Course,"정동진 일출 + 모래시계공원 코스
▪ 정동진역 → 정동진 해변 일출 감상 → 모래시계공원
▪ 서울에서 KTX 2시간 → 정동진 도착
▪ 새해 일출 명소 전국 1위","Jeongdongjin sunrise + Hourglass Park
▪ Jeongdongjin Station → beach sunrise → Hourglass Park
▪ KTX 2hrs from Seoul to Jeongdongjin
▪ Korea's #1 New Year's sunrise spot",정동역길 17,"17 Jeongdongyeok-gil, Gangneung-si, Gangwon-do",KTX 강릉역 → 무궁화호 → 정동진역 (약 30분),3시간,easy,기차비 별도,https://map.naver.com/v5/search/정동진,https://map.kakao.com/link/search/정동진,해당없음,TRUE,
3hour,강원 강릉,주문진 수산시장 & 방파제 투어,Jumunjin Fish Market & Breakwater Tour,"주문진 수산시장 + 방파제 탐방
▪ 주문진항 → 수산시장 → 빨간 등대 방파제
▪ BTS 앨범 촬영지 (방파제)
▪ 갓 잡은 활어회 현장 구매·시식","Jumunjin Fish Market + breakwater walk
▪ Jumunjin Harbor → fish market → red lighthouse breakwater
▪ BTS album photo location (breakwater)
▪ Fresh live fish on-site purchase & tasting",주문북로 308,"308 Jumunbuk-ro, Jumunjin-eup, Gangneung-si, Gangwon-do",KTX 강릉역 → 시내버스 300번 → 주문진항 (약 30분),2시간,easy,무료 (회 별도),https://map.naver.com/v5/search/주문진+수산시장,https://map.kakao.com/link/search/주문진+수산시장,해당없음,TRUE,
3hour,강원 강릉,강릉 전통 한과 만들기 체험,Gangneung Traditional Hangwa Making,"강릉 전통 한과 제조 체험
▪ 강릉 한과 마을 → 직접 강정·약과 만들기
▪ 강릉 한과 전국 최고 산지
▪ 완성품 포장 후 선물용으로 가져가기","Gangneung traditional hangwa (Korean confection) making
▪ Gangneung hangwa village → make gangjung & yakgwa yourself
▪ Gangneung is Korea's top hangwa producing region
▪ Package completed treats as souvenirs",왕산면 도마길 37,"37 Doma-gil, Wangsan-myeon, Gangneung-si, Gangwon-do",KTX 강릉역 → 렌터카 또는 택시 (약 30분),2시간,easy,"30,000~50,000원",https://map.naver.com/v5/search/강릉+한과마을,https://map.kakao.com/link/search/강릉+한과마을,해당없음,FALSE,
recommend,강원 평창,평창 오대산 월정사 탐방,Pyeongchang Odaesan Woljeongsa Temple,"오대산 월정사 전나무숲길 + 절 탐방
▪ 전나무숲길 (1km) → 월정사 대웅전 → 적광전
▪ 천년 고찰 · 탱화·불상 문화재 다수
▪ 겨울 설경 특히 아름다움","Odaesan Woljeongsa Temple fir tree forest path
▪ Fir forest path (1km) → Main Hall → Jeokgwangjeon
▪ Millennium-old temple with cultural relics
▪ Especially beautiful winter snow scenery",진부면 오대산로 374-8,"374-8 Odaesan-ro, Jinbu-myeon, Pyeongchang-gun, Gangwon-do",KTX 진부역 → 시내버스 → 월정사 (약 20분),2시간,easy,"입장료 5,000원",https://map.naver.com/v5/search/월정사,https://map.kakao.com/link/search/월정사,https://www.woljeongsa.org,TRUE,
3hour,강원 동해,묵호항 & 논골담길 탐방,Mukho Harbor & Nongol Alley Tour,"묵호항 + 논골담길 벽화 골목 탐방
▪ 묵호항 → 논골담길 벽화 → 묵호등대 전망
▪ 바다 뷰 마을 언덕길 산책
▪ 오징어·대게 등 동해 해산물 시장","Mukho Harbor + Nongol-damdamgil mural alley
▪ Mukho Harbor → mural alley → Mukho Lighthouse view
▪ Ocean view hillside village walk
▪ Squid & snow crab East Sea seafood market",묵호진로 23,"23 Mukhojin-ro, Donghae-si, Gangwon-do",무궁화호 묵호역 → 도보 10분 → 묵호항,2시간,easy,무료,https://map.naver.com/v5/search/묵호항+논골담길,https://map.kakao.com/link/search/묵호항+논골담길,해당없음,TRUE,
3hour,강원 양양,양양 낙산사 & 의상대 코스,Yangyang Naksansa Temple & Uisangdae Pavilion,"낙산사 + 의상대 해안 코스
▪ 낙산사 홍련암 → 의상대 → 낙산해수욕장
▪ 동해 해돋이 명소 · 해수관음상
▪ 2005년 화재 복원 후 새단장","Naksansa Temple + Uisangdae coastal route
▪ Naksansa Hongnyeonam → Uisangdae → Naksan Beach
▪ East Sea sunrise spot · sea Gwaneum statue
▪ Restored after 2005 fire",낙산사로 100,"100 Naksansa-ro, Ganghyeon-myeon, Yangyang-gun, Gangwon-do",KTX 강릉역 → 시외버스 → 낙산 (약 40분) · 또는 속초버스터미널 → 1-1번 버스,2시간,easy,"입장료 4,000원",https://map.naver.com/v5/search/낙산사,https://map.kakao.com/link/search/낙산사,https://www.naksansa.or.kr,TRUE,
3hour,강원 양양,양양 서핑 입문 클래스,Yangyang Surfing Beginner Class,"양양 죽도해변 서핑 입문 클래스
▪ 기초 이론 → 보드 균형 → 실전 파도 탑승
▪ 서핑 보드·슈트 전부 대여 포함
▪ 국내 서핑 성지 · 연중 파도 좋음","Yangyang Jukdo Beach beginner surf class
▪ Basic theory → board balance → actual wave riding
▪ Surfboard & wetsuit rental fully included
▪ Korea's surfing mecca · good waves year-round",죽도해안길 1,"1 Jukdohaeandamgil, Hyeonbuk-myeon, Yangyang-gun, Gangwon-do",KTX 강릉역 → 시외버스 → 양양 → 죽도해변 (약 1시간),2시간,medium,"50,000~70,000원",https://map.naver.com/v5/search/양양+죽도해변+서핑,https://map.kakao.com/link/search/양양+죽도해변+서핑,해당없음,FALSE,
recommend,강원 인제,내린천 래프팅 코스,Naerin River Rafting Course,"인제 내린천 래프팅 코스
▪ 합강리 출발 → 내린천 급류 구간 (약 10km)
▪ 소요시간 약 2시간 · 전문 가이드 동반
▪ 5~9월 성수기 운영","Inje Naerin River rafting
▪ Hapgang-ri start → Naerin River rapids (~10km)
▪ Approx. 2 hours · professional guide included
▪ Peak season May–September",인제읍 합강리 일대,"Hapgang-ri, Inje-eup, Inje-gun, Gangwon-do",동서울터미널 → 인제 시외버스 (약 2시간) → 래프팅 업체 픽업,3시간,medium,"40,000~60,000원",https://map.naver.com/v5/search/인제+내린천+래프팅,https://map.kakao.com/link/search/인제+내린천+래프팅,해당없음,TRUE,
recommend,강원 홍천,비발디파크 & 오션월드 워터파크,Vivaldi Park Ocean World Water Park,"홍천 비발디파크 오션월드 워터파크
▪ 실내·외 워터파크 연중 운영
▪ 파도풀·슬라이드·스파 시설 완비
▪ 스키장 겸업 (겨울 스키 연계 가능)","Hongcheon Vivaldi Park Ocean World water park
▪ Indoor & outdoor water park open year-round
▪ Wave pool · slides · spa facilities
▪ Also a ski resort (winter ski connection available)",서면 한치골길 262,"262 Hanchigol-gil, Seo-myeon, Hongcheon-gun, Gangwon-do",동서울터미널 → 홍천 버스 → 비발디파크 셔틀 (총 약 1시간 30분),5시간,easy,"입장료 50,000~80,000원",https://map.naver.com/v5/search/비발디파크+오션월드,https://map.kakao.com/link/search/비발디파크+오션월드,https://www.daemyungresort.com/vp,TRUE,
1day,강원 정선,정선 아리랑 레일바이크 & 아우라지,Jeongseon Rail Bike & Auraji River,"정선 레일바이크 + 아우라지 코스
▪ 구절리역 → 아우라지역 레일바이크 (약 7.2km)
▪ 아우라지 강변 정선아리랑 발상지
▪ 5일장 (2·7일장) 연계 추천","Jeongseon rail bike + Auraji River course
▪ Gujeol-ri Station → Auraji Station rail bike (~7.2km)
▪ Auraji riverside · birthplace of Jeongseon Arirang
▪ 5-day market (2nd & 7th) recommended",여량면 아우라지길 12,"12 Auraji-gil, Nyoryang-myeon, Jeongseon-gun, Gangwon-do",청량리역 → 무궁화호 → 아우라지역 (약 3시간),5시간,easy,"레일바이크 25,000원",https://map.naver.com/v5/search/정선+레일바이크,https://map.kakao.com/link/search/정선+레일바이크,https://www.jeongseon.go.kr,TRUE,
recommend,강원 태백,태백 환선굴 & 용연동굴 탐방,Taebaek Hwanseon Cave & Yongyeon Cave,"태백 석회암 동굴 탐방 코스
▪ 환선굴 (국내 최대 석회암 동굴) → 용연동굴
▪ 동굴 내부 연중 12~13°C · 여름 피서 최적
▪ 모노레일 탑승 후 동굴 입장","Taebaek limestone cave exploration
▪ Hwanseon Cave (Korea's largest limestone cave) → Yongyeon Cave
▪ Cave interior year-round 12–13°C · perfect summer retreat
▪ Monorail ride before cave entry",삼척시 신기면 환선로 800,"800 Hwanseon-ro, Singi-myeon, Samcheok-si, Gangwon-do",동서울터미널 → 삼척 시외버스 → 환선굴 버스 (약 3시간),3시간,easy,"입장료 성인 13,000원",https://map.naver.com/v5/search/환선굴,https://map.kakao.com/link/search/환선굴,https://www.samcheok.go.kr,TRUE,
3hour,강원 춘천,춘천 남이섬 당일 코스,Chuncheon Nami Island Day Trip,"춘천 남이섬 당일 나들이 코스
▪ 가평선착장 → 나룻배 탑승 → 은행나무길 산책
▪ 드라마 '겨울연가' 촬영지
▪ 자전거 대여 (시간당 3,000원) 섬 일주","Chuncheon Nami Island day trip
▪ Gapyeong ferry dock → boat → ginkgo tree path walk
▪ 'Winter Sonata' drama filming location
▪ Bike rental (3,000 KRW/hr) island tour",가평군 남이섬길 1,"1 Namisum-gil, Gapyeong-gun, Gyeonggi-do",경춘선 가평역 1번 출구 → 셔틀버스 10분 → 선착장 나룻배 탑승,3시간,easy,"입도료 성인 16,000원",https://map.naver.com/v5/search/남이섬,https://map.kakao.com/link/search/남이섬,https://www.namisum.com,TRUE,
3hour,강원 춘천,춘천 닭갈비 골목 & 소양강 스카이워크,Chuncheon Dakgalbi Alley & Soyang River Skywalk,"춘천 닭갈비 골목 + 소양강 스카이워크
▪ 명동 닭갈비 골목 → 막국수 → 소양강 스카이워크
▪ 닭갈비 원조 도시 · 철판 vs 화로 선택
▪ 소양강 스카이워크 투명 바닥 강 전망","Chuncheon dakgalbi alley + Soyang River Skywalk
▪ Myeongdong dakgalbi alley → makguksu → Soyang River Skywalk
▪ Original dakgalbi city · iron plate vs charcoal grill
▪ Soyang River Skywalk transparent floor river view",낙원길 35 (닭갈비 골목),"35 Nagwon-gil, Chuncheon-si, Gangwon-do",경춘선 춘천역 → 시내버스 11번 → 명동 닭갈비 골목 (약 15분),3시간,easy,"닭갈비 1인 15,000원~",https://map.naver.com/v5/search/춘천+닭갈비골목,https://map.kakao.com/link/search/춘천+닭갈비골목,해당없음,TRUE,
nightview,강원 강릉,강릉 안목 커피거리 야경 & 야간 카페 투어,Gangneung Anmok Coffee Street Night Tour,"강릉 안목해변 야간 커피거리 탐방
▪ 안목해변 → 커피거리 야경 산책 → 자정 카페
▪ 동해 파도 소리 배경 감성 커피 타임
▪ 심야 영업 카페 다수 (새벽 2~3시까지)","Gangneung Anmok Beach night coffee street
▪ Anmok Beach → coffee street night walk → late-night cafes
▪ Coffee time with East Sea waves as background
▪ Many cafes open until 2–3am",창해로 307,"307 Changhae-ro, Gangneung-si, Gangwon-do",KTX 강릉역 → 시내버스 202번 → 안목해변 정류장 (약 15분),2시간,easy,"음료 7,000원~",https://map.naver.com/v5/search/강릉+안목해변+카페,https://map.kakao.com/link/search/강릉+안목해변+카페,해당없음,TRUE,
recommend,강원 강릉,대관령 목장 체험 & 하늘목장 트레킹,Daegwallyeong Ranch & Sky Ranch Trekking,"대관령 하늘목장 체험 코스
▪ 양몰이 공연 → 양 먹이주기 → 트레킹
▪ 해발 850m · 운해·억새 절경
▪ 트랙터 마차 투어 (별도 요금)","Daegwallyeong Sky Ranch experience
▪ Sheep herding show → sheep feeding → trekking
▪ Altitude 850m · sea of clouds & pampas grass scenery
▪ Tractor wagon tour (additional fee)",성산면 어흘리 산1-1,"San 1-1, Eoheul-ri, Seongsan-myeon, Gangneung-si, Gangwon-do",KTX 강릉역 → 하늘목장 셔틀버스 (주말 운행·사전 확인 필수),3시간,easy,"입장료 성인 12,000원",https://map.naver.com/v5/search/하늘목장,https://map.kakao.com/link/search/하늘목장,https://www.skylake.co.kr,FALSE,
3hour,강원 강릉,강릉 단오제 & 오죽헌 문화 탐방,Gangneung Dano Festival & Cultural Tour,"강릉 단오제 + 오죽헌 문화 탐방 코스
▪ 유네스코 무형문화유산 강릉단오제 (음력 5월)
▪ 단오 굿·탈놀이·그네뛰기 체험 가능
▪ 오죽헌 연계 역사 탐방","Gangneung Dano Festival + Ojukheon cultural tour
▪ UNESCO Intangible Heritage Gangneung Dano Festival (lunar May)
▪ Dano ritual · mask dance · swing experience
▪ Ojukheon historical tour connection",남대천로 일대 (단오공원),"Dano Park, Namdaecheon-ro area, Gangneung-si, Gangwon-do",KTX 강릉역 → 시내버스 → 단오공원 (약 15분),2시간,easy,무료 (단오 기간),https://map.naver.com/v5/search/강릉단오제,https://map.kakao.com/link/search/강릉단오제,https://www.danojefestival.or.kr,TRUE,
3hour,인천 중구,인천 개항장 근대 역사 투어,Incheon Open Port Modern History Tour,"인천 개항장 근대 건축물 탐방
▪ 인천역 → 차이나타운 → 개항박물관 → 일본풍 건물
▪ 1883년 개항 이후 남은 근대 건축물 밀집
▪ 짜장면 박물관 무료 관람","Incheon open port modern architecture tour
▪ Incheon Station → Chinatown → Open Port Museum → Japanese-style buildings
▪ Modern buildings from 1883 port opening era
▪ Jjajangmyeon Museum free admission",신포로 23번길 101,"101 Sinpo-ro 23beon-gil, Jung-gu, Incheon",1호선 인천역 1번 출구 → 도보 5분 → 개항장 문화지구,2시간,easy,무료,https://map.naver.com/v5/search/인천+개항장,https://map.kakao.com/link/search/인천+개항장,해당없음,TRUE,
3hour,인천 중구,인천 자유공원 & 맥아더 동상,Incheon Freedom Park & MacArthur Statue,"인천 자유공원 + 한국전쟁 역사 탐방
▪ 맥아더 동상 → 자유공원 전망 → 인천항 뷰
▪ 인천상륙작전 기념 역사 공간
▪ 인천 차이나타운·개항장 연계","Incheon Freedom Park + Korean War history
▪ MacArthur statue → park view → Incheon Harbor view
▪ Incheon Landing Operation memorial site
▪ Connects to Chinatown & open port area",자유공원남로 25,"25 Jayugongwon-namno, Jung-gu, Incheon",1호선 인천역 1번 출구 → 도보 15분 → 자유공원 입구,1.5시간,easy,무료,https://map.naver.com/v5/search/인천자유공원,https://map.kakao.com/link/search/인천자유공원,해당없음,TRUE,
3hour,인천 연수,송도 센트럴파크 & G타워 전망,Songdo Central Park & G-Tower View,"송도국제도시 센트럴파크 탐방
▪ 센트럴파크 수변 산책 → G타워 33층 전망대
▪ 카약·보트 체험 가능 (유료)
▪ 트라이볼·NC큐브 연계 쇼핑","Songdo International City Central Park
▪ Central Park waterfront walk → G-Tower 33F observatory
▪ Kayak & boat available (fee)
▪ Tribowell & NC Cube shopping nearby",센트럴로 163,"163 Senteurol-ro, Yeonsu-gu, Incheon",인천1호선 센트럴파크역 1번 출구 → 도보 3분 → 센트럴파크,2시간,easy,무료 (G타워 무료),https://map.naver.com/v5/search/송도센트럴파크,https://map.kakao.com/link/search/송도센트럴파크,해당없음,TRUE,
3hour,인천 강화,강화도 고려궁지 & 강화산성 코스,Ganghwa Goryeo Palace Site & Fortress,"강화도 고려궁지 + 강화산성 탐방
▪ 고려궁지 → 강화산성 → 갑곶돈대 → 용흥궁
▪ 고려 시대 임시 수도 역사 현장
▪ 강화도 나들이 당일치기 핵심 코스","Ganghwa Goryeo Palace ruins + fortress
▪ Goryeo Palace → Ganghwa Fortress → Gabjok Battery → Yongheung Palace
▪ Goryeo-era temporary capital historic site
▪ Core day-trip course on Ganghwa Island",강화읍 관청리 471,"471 Gwancheong-ri, Ganghwa-eup, Ganghwa-gun, Incheon",신촌역(2호선) → 3000번 버스 → 강화터미널 → 군내버스 (총 약 1시간 30분),3시간,easy,무료,https://map.naver.com/v5/search/강화도+고려궁지,https://map.kakao.com/link/search/강화도+고려궁지,해당없음,TRUE,
recommend,인천 강화,강화도 마니산 & 참성단 트레킹,Ganghwa Manisan Mountain & Chamseongdan Altar,"강화 마니산 참성단 트레킹
▪ 함허동천 → 계단로 → 참성단 (해발 469m)
▪ 단군왕검 제천 유적 · 전국체전 성화 채화지
▪ 서해·경기만 조망 탁월","Ganghwa Manisan Mountain Chamseongdan trekking
▪ Hamheodongcheon → stairway → Chamseongdan altar (469m)
▪ Dangun royal ritual site · National Games torch lighting spot
▪ Excellent Yellow Sea & Gyeonggi Bay views",화도면 마니산로 675,"675 Manisan-ro, Hwado-myeon, Ganghwa-gun, Incheon",신촌역 → 3000번 → 강화터미널 → 마니산 버스 (총 약 2시간),4시간,hard,"입장료 2,000원",https://map.naver.com/v5/search/마니산+참성단,https://map.kakao.com/link/search/마니산+참성단,해당없음,TRUE,
3hour,인천 옹진,영종도 을왕리 해수욕장 & 선녀바위,Yeongjongdo Eulwangri Beach & Fairy Rock,"영종도 을왕리 해수욕장 + 선녀바위 탐방
▪ 을왕리해수욕장 → 선녀바위 → 왕산해수욕장
▪ 인천공항에서 15분 거리 · 서해 낙조 명소
▪ 조개구이·해산물 식당 밀집","Yeongjongdo Eulwangri Beach + Seonnyeo Rock
▪ Eulwangri Beach → Seonnyeo Rock → Wangsan Beach
▪ 15min from Incheon Airport · West Sea sunset spot
▪ Clam BBQ & seafood restaurants cluster",을왕동 을왕리해수욕장길,"Eulwangri Beach, Eulwang-dong, Jung-gu, Incheon",공항철도 운서역 → 버스 환승 → 을왕리해수욕장 (약 20분),2시간,easy,무료,https://map.naver.com/v5/search/을왕리해수욕장,https://map.kakao.com/link/search/을왕리해수욕장,해당없음,TRUE,
recommend,인천 중구,인천 월미도 & 월미테마파크,Incheon Wolmido & Theme Park,"인천 월미도 나들이 코스
▪ 월미도 선착장 → 월미테마파크 → 문화의거리
▪ 디스코 팡팡·바이킹 등 놀이기구
▪ 월미도 바닷가 조개구이 필수","Incheon Wolmido day trip
▪ Wolmido dock → Wolmi Theme Park → Culture Street
▪ Disco Pang Pang · Viking & other rides
▪ Wolmido seaside clam BBQ is a must",월미문화로 11,"11 Wolmi Munhwa-ro, Jung-gu, Incheon",1호선 인천역 → 월미도 셔틀버스 (토·일) 또는 도보 20분,3시간,easy,놀이기구 별도,https://map.naver.com/v5/search/월미도,https://map.kakao.com/link/search/월미도,해당없음,TRUE,
recommend,인천 연수,인천 소래포구 어시장 탐방,Incheon Sorae Fish Market Tour,"인천 소래포구 재래 어시장 탐방
▪ 소래포구 → 소래역사관 → 소래습지생태공원
▪ 새우·꽃게·대하 제철 수산물 직판
▪ 갯벌 탐조·자연 생태 체험 연계","Incheon Sorae traditional fish market
▪ Sorae Fish Market → Sorae History Museum → Sorae Wetland Eco Park
▪ Shrimp · blue crab · large prawn seasonal seafood direct market
▪ Tidal flat bird watching & eco experience",소래역사길 19,"19 Sorae Yeoksa-gil, Namdong-gu, Incheon",수인·분당선 소래포구역 1번 출구 → 도보 5분 → 소래포구,3시간,easy,무료 (수산물 별도),https://map.naver.com/v5/search/소래포구,https://map.kakao.com/link/search/소래포구,해당없음,TRUE,
1day,인천 옹진,백령도 하루 당일치기 여행,Baengnyeongdo Island Day Trip,"서해 최북단 백령도 당일 여행
▪ 인천항 여객터미널 → 쾌속선 4시간 → 백령도
▪ 콩돌해안 · 두무진 기암절벽 · 사곶해변
▪ 국내 최고 서해 자연경관","West Sea's northernmost Baengnyeong Island day trip
▪ Incheon Ferry Terminal → express ferry 4hrs → Baengnyeong Island
▪ Kongdol Beach · Dumujin rock cliffs · Sagot Beach
▪ Korea's finest West Sea natural scenery",인천 중구 연안부두로 12,"12 Yeonan Budu-ro, Jung-gu, Incheon (Ferry Terminal)",1호선 동인천역 → 도보 15분 → 인천연안여객터미널 → 쾌속선,전일 (약 12시간),easy,"쾌속선 왕복 약 90,000원",https://map.naver.com/v5/search/백령도,https://map.kakao.com/link/search/백령도,해당없음,TRUE,
3hour,인천 연수,인천 스카이72 골프·드라이빙레인지,Incheon Sky72 Golf & Driving Range,"영종도 스카이72 드라이빙 레인지 체험
▪ 국내 최대 드라이빙 레인지 · 서해 오션뷰
▪ 초보 골프 레슨 프로그램 운영
▪ 인천공항 인근 · 환승 시간 활용 가능","Yeongjongdo Sky72 driving range
▪ Korea's largest driving range · West Sea ocean view
▪ Beginner golf lesson programs available
▪ Near Incheon Airport · use during transit time",공항남로 321,"321 Gonghangnnam-ro, Jung-gu, Incheon",공항철도 운서역 → 셔틀버스 → 스카이72 (약 10분),2시간,easy,"50,000~100,000원",https://map.naver.com/v5/search/스카이72골프,https://map.kakao.com/link/search/스카이72골프,https://www.sky72.com,FALSE,
3hour,인천 부평,부평 지하도상가 & 레트로 탐방,Bupyeong Underground Arcade & Retro Tour,"인천 부평 지하상가 + 레트로 탐방
▪ 부평지하상가 (국내 최대) → 부평시장
▪ 의류·신발·액세서리 등 4,000개+ 점포
▪ 인천 로컬 먹거리 골목 연계","Incheon Bupyeong underground shopping + retro tour
▪ Bupyeong Underground Arcade (Korea's largest) → Bupyeong Market
▪ Clothing · shoes · accessories 4,000+ stores
▪ Incheon local food alley connection",부평대로 12,"12 Bupyeong-daero, Bupyeong-gu, Incheon",1호선·7호선 부평역 1번 출구 → 도보 1분 → 부평지하상가 입구,2시간,easy,무료 (쇼핑 별도),https://map.naver.com/v5/search/부평지하상가,https://map.kakao.com/link/search/부평지하상가,해당없음,TRUE,
recommend,인천 강화,강화도 전등사 & 정족산성 탐방,Ganghwa Jeondeungsa Temple & Fortress,"강화 전등사 + 정족산성 코스
▪ 전등사 (381년 창건 국내 최고 고찰) → 정족산성
▪ 삼랑성 내부 사찰 · 병인양요 항쟁 현장
▪ 가을 단풍 특히 아름다움","Ganghwa Jeondeungsa Temple + Jeongjok Mountain Fortress
▪ Jeondeungsa (founded 381 AD, Korea's oldest operating temple) → fortress
▪ Temple inside Samnang Fortress · Byeonginyangyo battle site
▪ Especially beautiful autumn foliage",길상면 전등사로 37-41,"37-41 Jeondeungsa-ro, Gilsang-myeon, Ganghwa-gun, Incheon",신촌역 → 3000번 → 강화터미널 → 전등사 버스 (총 약 2시간),3시간,easy,"입장료 3,000원",https://map.naver.com/v5/search/전등사,https://map.kakao.com/link/search/전등사,https://www.jeondeungsa.org,TRUE,
3hour,인천 중구,인천 신포시장 & 신포국제시장,Incheon Sinpo Market & Food Tour,"인천 신포시장 먹거리 투어
▪ 신포닭강정 원조 → 쫄면 발상지 → 공갈빵
▪ 쫄면이 탄생한 인천 신포시장
▪ 차이나타운·개항장 연계 도보 5분","Incheon Sinpo Market food tour
▪ Original Sinpo dakgangjeong → jjolmyeon birthplace → gonggalbang
▪ Jjolmyeon (spicy noodle) originated here
▪ 5min walk to Chinatown & open port area",신포로 27번길 일대,"Sinpo-ro 27beon-gil area, Jung-gu, Incheon",1호선 동인천역 3번 출구 → 도보 5분 → 신포시장,1.5시간,easy,"식비 10,000원~",https://map.naver.com/v5/search/인천+신포시장,https://map.kakao.com/link/search/인천+신포시장,해당없음,TRUE,
recommend,인천 서,인천 드림파크 캠핑 & 야외 체험,Incheon Dream Park Camping & Outdoor,"인천 드림파크 오토캠핑 & 자연 체험
▪ 오토캠핑장 → 수목원 → 야외 물놀이
▪ 수도권 가족 캠핑 1번지
▪ 사전 예약 필수 (성수기 수개월 전)","Incheon Dream Park auto camping & nature experience
▪ Auto camping → arboretum → outdoor water play
▪ Capital area's top family camping destination
▪ Advance reservation required (months ahead in peak season)",매립지로 136,"136 Maerip-ji-ro, Seo-gu, Incheon",지하철 1호선 검암역 → 버스 → 드림파크 (약 30분),전일,easy,"캠핑 30,000~50,000원",https://map.naver.com/v5/search/인천드림파크캠핑,https://map.kakao.com/link/search/인천드림파크캠핑,해당없음,FALSE,
3hour,인천 남동,인천 논현 포구 & 호구포 낙조,Incheon Nonhyeon Port & Sunset View,"인천 논현 포구 + 호구포 낙조 코스
▪ 논현포구 → 호구포 낙조 전망 → 인천대공원 연계
▪ 서해 낙조 인천 최고 포인트
▪ 갯벌 산책·조개 채취 가능 (간조 시)","Incheon Nonhyeon Port + Hogupo sunset
▪ Nonhyeon Port → Hogupo sunset view → Incheon Grand Park
▪ Best West Sea sunset spot in Incheon
▪ Tidal flat walk & clam picking available at low tide",남동구 논현동 포구 일대,"Nonhyeon-dong port area, Namdong-gu, Incheon",수인·분당선 소래포구역 → 버스 → 논현포구 (약 15분),2시간,easy,무료,https://map.naver.com/v5/search/인천+논현포구,https://map.kakao.com/link/search/인천+논현포구,해당없음,TRUE,
recommend,인천 강화,강화도 석모도 보문사 & 낙가산 코스,Ganghwa Seongmodo Bomunsa Temple & Nagasan,"석모도 보문사 + 낙가산 코스
▪ 외포리 선착장 → 석모도 → 보문사 마애석불
▪ 한국 3대 관음 성지 중 하나
▪ 낙가산 정상 서해 조망 탁월","Seongmodo Island Bomunsa Temple + Nagasan
▪ Oepori Ferry dock → Seongmodo → Bomunsa rock-carved Buddha
▪ One of Korea's 3 major Gwaneumbosal sacred sites
▪ Excellent West Sea views from Nagasan summit",삼산면 매음리 629,"629 Maeum-ri, Samsan-myeon, Ganghwa-gun, Incheon",신촌역 → 3000번 → 강화터미널 → 외포리 선착장 버스 → 석모도 배 (총 약 2시간 30분),3시간,medium,"배편 왕복 2,000원 + 입장료 2,000원",https://map.naver.com/v5/search/보문사+석모도,https://map.kakao.com/link/search/보문사+석모도,해당없음,TRUE,
3hour,인천 계양,인천 계양산 등산 & 계양구청 문화거리,Incheon Gyeyangsan Mountain Hike,"인천 계양산 등산 코스
▪ 계양역 → 계양산 정상 (395m) → 계양산성
▪ 인천 시내 조망 최고 포인트
▪ 초보자 가능 · 왕복 약 2시간","Incheon Gyeyangsan Mountain hiking
▪ Gyeyang Station → Gyeyangsan summit (395m) → Gyeyangsan Fortress
▪ Best vantage point for Incheon city views
▪ Beginner-friendly · round trip ~2 hours",계양구 계양산로 일대,"Gyeyangsan-ro area, Gyeyang-gu, Incheon",7호선 계양역 2번 출구 → 도보 20분 → 계양산 등산 입구,2.5시간,medium,무료,https://map.naver.com/v5/search/계양산,https://map.kakao.com/link/search/계양산,해당없음,TRUE,
recommend,인천 연수,인천 파라다이스시티 아트테인먼트,Incheon Paradise City Art & Entertainment,"인천공항 인근 파라다이스시티 탐방
▪ 아트파라다이스 → 플루토 클럽 → 스파 체험
▪ 국내외 유명 작품 전시 상설 운영
▪ 인천공항 셔틀 운행 · 환승객 추천","Incheon Airport adjacent Paradise City
▪ Art Paradise → Pluto Club → Spa experience
▪ Permanent exhibition of renowned artworks
▪ Airport shuttle service · recommended for transit passengers",영종해안남로321번길 186,"186 Yeongjonghaean namno 321 beon-gil, Jung-gu, Incheon",공항철도 인천공항1터미널역 → 파라다이스시티 셔틀 (약 5분),3시간,easy,입장료 별도,https://map.naver.com/v5/search/파라다이스시티+인천,https://map.kakao.com/link/search/파라다이스시티+인천,https://www.p-city.com,FALSE,
3hour,인천 옹진,덕적도 & 서포리해수욕장 당일치기,Deokjeok Island & Seopo Beach Day Trip,"덕적도 서포리해수욕장 당일 여행
▪ 인천항 → 쾌속선 1시간 → 덕적도 → 서포리해수욕장
▪ 수도권 근거리 섬 해수욕 명소
▪ 솔밭 캠핑장 연계 가능","Deokjeok Island Seopo Beach day trip
▪ Incheon Harbor → express ferry 1hr → Deokjeok Island → Seopo Beach
▪ Nearest island beach from Seoul metro area
▪ Pine forest campsite connection available",옹진군 덕적면 서포리,"Seopo-ri, Deokjeok-myeon, Ongjin-gun, Incheon",인천연안여객터미널 → 쾌속선 → 덕적도 (약 1시간),전일,easy,"쾌속선 왕복 약 40,000원",https://map.naver.com/v5/search/덕적도+서포리해수욕장,https://map.kakao.com/link/search/덕적도+서포리해수욕장,해당없음,TRUE,
3hour,인천 남동,인천 대공원 & 수목원 나들이,Incheon Grand Park & Arboretum Outing,"인천대공원 수목원 나들이 코스
▪ 인천대공원 정문 → 수목원 → 호수공원 → 장미원
▪ 수도권 최대 도시숲 공원
▪ 자전거 대여 (시간당 2,000원) 공원 일주","Incheon Grand Park arboretum outing
▪ Grand Park main gate → arboretum → lake park → rose garden
▪ Largest urban forest park in the Seoul metro area
▪ Bike rental (2,000 KRW/hr) for park tour",무네미로 236,"236 Munemi-ro, Namdong-gu, Incheon",수인·분당선 인천논현역 → 버스 → 인천대공원 (약 20분),2.5시간,easy,무료,https://map.naver.com/v5/search/인천대공원,https://map.kakao.com/link/search/인천대공원,https://www.incheon.go.kr/park,TRUE,
recommend,인천 중구,인천 아라뱃길 수상레저 체험,Incheon Ara Waterway Water Leisure,"인천 아라뱃길 수상레저 체험
▪ 아라뱃길 → 카약·카누·수상자전거 체험
▪ 경인아라뱃길 18km 수상 코스
▪ 아라인천여객터미널 주변 카페 연계","Incheon Ara Waterway water leisure
▪ Ara Waterway → kayak · canoe · water bike experience
▪ Gyeongin Ara Waterway 18km water course
▪ Ara Incheon Passenger Terminal cafes nearby",아라뱃길로 123,"123 Arabaetgil-ro, Seo-gu, Incheon",공항철도 검암역 → 버스 → 아라뱃길 (약 20분),3시간,easy,"30,000~50,000원",https://map.naver.com/v5/search/인천아라뱃길,https://map.kakao.com/link/search/인천아라뱃길,해당없음,FALSE,
3hour,경기 수원,수원 화성 행궁 & 성곽 투어,Suwon Hwaseong Haenggung & Fortress,"수원 화성 행궁 + 성곽 완주 코스
▪ 화성행궁 → 장안문 → 방화수류정 → 팔달문
▪ 유네스코 세계문화유산 성곽 총 5.7km
▪ 화성어차 탑승 (유료) 성곽 일주","Suwon Hwaseong Haenggung Palace + fortress full walk
▪ Haenggung → Janganmun → Banghwasuryu → Paldalmun
▪ UNESCO World Heritage fortress total 5.7km
▪ Hwaseong Eoch'a (tram) fortress tour available (fee)",정조로 825,"825 Jeongjo-ro, Paldal-gu, Suwon-si, Gyeonggi-do",1호선 수원역 2번 출구 → 마을버스 11번 → 화성행궁 (약 15분),3시간,medium,"행궁 입장료 1,500원",https://map.naver.com/v5/search/수원화성행궁,https://map.kakao.com/link/search/수원화성행궁,https://www.swcf.or.kr,TRUE,
3hour,경기 수원,수원 통닭거리 & 나혜석 거리,Suwon Chicken Street & Nahyeseok Street,"수원 왕갈비통닭거리 + 나혜석 거리
▪ 수원 왕갈비통닭 원조 골목 → 나혜석 문화거리
▪ 수원의 대표 야식 · 오후 5시 이후 운영
▪ 수원 로데오거리 쇼핑 연계","Suwon galbi-style whole chicken alley + Nahyeseok Street
▪ Original galbi-style chicken alley → Nahyeseok cultural street
▪ Suwon's signature late-night food · opens after 5pm
▪ Suwon Rodeo Street shopping connection",정조로 776번길 일대,"Jeongjo-ro 776-beongil area, Paldal-gu, Suwon-si",1호선 수원역 9번 출구 → 도보 10분 → 통닭거리,2시간,easy,"통닭 1마리 20,000~25,000원",https://map.naver.com/v5/search/수원+통닭거리,https://map.kakao.com/link/search/수원+통닭거리,해당없음,TRUE,
recommend,경기 용인,한국민속촌 전통 문화 탐방,Korean Folk Village Traditional Culture Tour,"용인 한국민속촌 전통 문화 체험
▪ 조선시대 전통 마을 재현 · 260여 채 건물
▪ 전통 혼례·민속놀이·공예 체험
▪ 사계절 테마 공연 운영","Yongin Korean Folk Village traditional culture
▪ Joseon-era traditional village recreation · 260+ buildings
▪ Traditional wedding · folk games · craft experience
▪ Four-season themed performances",민속촌로 90,"90 Minsokchon-ro, Giheung-gu, Yongin-si, Gyeonggi-do",1호선 수원역 → 37번 버스 → 민속촌 (약 30분),4시간,easy,"성인 25,000원",https://map.naver.com/v5/search/한국민속촌,https://map.kakao.com/link/search/한국민속촌,https://www.koreanfolk.co.kr,TRUE,
1day,경기 용인,에버랜드 하루 완전 공략,Everland Full Day Guide,"에버랜드 하루 완전 공략 코스
▪ 10시 오픈 → T익스프레스·롤링 엑스트라 우선 탑승
▪ 사파리월드 → 로스트밸리 → 플라워랜드
▪ 온라인 사전 예매 필수 (현장 대비 20~30% 할인)","Everland full-day complete guide
▪ 10am open → T-Express · Rolling X-Train first
▪ Safari World → Lost Valley → Flower Land
▪ Online advance booking required (20–30% off vs on-site)",에버랜드로 199,"199 Everland-ro, Pogok-eup, Cheoin-gu, Yongin-si, Gyeonggi-do",신분당선 수지구청역 → 에버랜드 셔틀버스 (약 30분),8시간,easy,"성인 62,000원~",https://map.naver.com/v5/search/에버랜드,https://map.kakao.com/link/search/에버랜드,https://www.everland.com,FALSE,
3hour,경기 화성,제부도 & 매바위 해안 코스,Jebu Island & Maebawi Coastal Course,"화성 제부도 해안 탐방 코스
▪ 제부도 입구 → 매바위 → 제부도 해안 산책로
▪ 하루 2회 바닷길 열리는 '한국의 모세의 기적'
▪ 물때 시간 확인 필수 (물때표 앱 사용)","Hwaseong Jebu Island coastal exploration
▪ Jebu Island entrance → Maebawi Rock → coastal trail
▪ 'Korea's Moses Miracle' — sea road opens twice daily
▪ Must check tide schedule (use tide app)",서신면 제부리 일대,"Jebu-ri, Seosin-myeon, Hwaseong-si, Gyeonggi-do",서울 수원 → 버스 330번 → 제부도 입구 (약 1시간 30분),3시간,easy,무료,https://map.naver.com/v5/search/제부도,https://map.kakao.com/link/search/제부도,해당없음,TRUE,
3hour,경기 성남,판교 현대백화점 & 카카오 스페이스닷원,Pangyo Hyundai Department & Kakao Space.1,"판교 테크노밸리 & 쇼핑 코스
▪ 현대백화점 판교점 → 카카오 스페이스닷원 외관 관람
▪ IT·스타트업 밀집 판교 테크노밸리
▪ 스타필드 하남 연계 가능","Pangyo Techno Valley & shopping
▪ Hyundai Department Pangyo → Kakao Space.1 exterior viewing
▪ IT & startup hub Pangyo Techno Valley
▪ Starfield Hanam connection available",판교역로 146번길 20,"20 Pangyoyeok-ro 146beon-gil, Bundang-gu, Seongnam-si, Gyeonggi-do",신분당선 판교역 1번 출구 → 도보 5분 → 현대백화점 판교점,2시간,easy,무료 (쇼핑 별도),https://map.naver.com/v5/search/판교+현대백화점,https://map.kakao.com/link/search/판교+현대백화점,해당없음,TRUE,
recommend,경기 안성,안성 팜랜드 & 목장 체험,Anseong Farmland Ranch Experience,"안성 팜랜드 목장 나들이
▪ 양·알파카 먹이주기 → 목장 트레킹 → 치즈 만들기
▪ 한국관광 100선 선정
▪ 넓은 초원 · 유럽풍 목장 풍경","Anseong Farmland ranch outing
▪ Sheep & alpaca feeding → ranch trekking → cheese making
▪ Korea Tourism 100 Attractions selected
▪ Wide meadows · European-style ranch scenery",공도읍 대신두길 28,"28 Daeshindu-gil, Gongdo-eup, Anseong-si, Gyeonggi-do",동서울터미널 → 안성 시외버스 (약 1시간) → 안성 팜랜드 택시,4시간,easy,"성인 12,000원",https://map.naver.com/v5/search/안성팜랜드,https://map.kakao.com/link/search/안성팜랜드,https://www.nhasfarmland.com,TRUE,
3hour,경기 광주,남한산성 역사 산책,Namhansanseong Fortress History Walk,"남한산성 세계문화유산 역사 탐방
▪ 남한산성 서문 → 남문 → 수어장대 → 행궁터
▪ 유네스코 세계문화유산 (2014년 등재)
▪ 벚꽃·단풍 시즌 특히 아름다움","Namhansanseong UNESCO fortress history walk
▪ West Gate → South Gate → Sueo Jangdae → Haenggung site
▪ UNESCO World Heritage Site (inscribed 2014)
▪ Especially beautiful during cherry blossom & fall foliage",남한산성면 남한산성로 731,"731 Namhansanseong-ro, Namhansanseong-myeon, Gwangju-si, Gyeonggi-do",8호선 산성역 2번 출구 → 9번 버스 → 남한산성 (약 20분),3시간,medium,무료,https://map.naver.com/v5/search/남한산성,https://map.kakao.com/link/search/남한산성,https://www.gg.go.kr/namhansanseong,TRUE,
3hour,경기 이천,이천 도자기 마을 & 설봉공원,Icheon Ceramics Village & Seolbong Park,"이천 도예 마을 + 설봉공원 코스
▪ 사기막골 도예마을 → 설봉공원 → 이천도자예술마을
▪ 전국 도자기 생산 1번지 · 국제도자기엑스포 개최지
▪ 공방 직접 방문 후 도예 체험 가능","Icheon pottery village + Seolbong Park
▪ Sagimak-gol ceramic village → Seolbong Park → Icheon Ceramic Arts Village
▪ Korea's #1 pottery production hub · International Ceramics Expo venue
▪ Workshop visits with hands-on pottery experience",신둔면 도자예술로 75,"75 Dojayesul-ro, Sindun-myeon, Icheon-si, Gyeonggi-do",동서울터미널 → 이천 시외버스 (약 1시간) → 택시 10분 → 도예마을,3시간,easy,"도자기 체험 20,000~40,000원",https://map.naver.com/v5/search/이천+도자기마을,https://map.kakao.com/link/search/이천+도자기마을,해당없음,TRUE,
recommend,경기 하남,스타필드 하남 & 미사리 한강변,Starfield Hanam & Misa Han River,"하남 스타필드 + 미사리 한강변 코스
▪ 스타필드 하남 (국내 최대 복합쇼핑몰) → 미사 한강공원
▪ 아쿠아필드 워터파크 연계 (유료)
▪ 미사리 조정경기장 한강뷰 산책","Hanam Starfield + Misa Han River course
▪ Starfield Hanam (Korea's largest mall complex) → Misa Hangang Park
▪ Aqua Field water park connection (fee)
▪ Misa Rowing Course Han River view walk",미사대로 750,"750 Misa-daero, Hanam-si, Gyeonggi-do",5호선 하남미사역 1번 출구 → 도보 10분 → 스타필드 하남,4시간,easy,무료 (쇼핑·식사 별도),https://map.naver.com/v5/search/스타필드하남,https://map.kakao.com/link/search/스타필드하남,https://www.starfield.co.kr/hanam,TRUE,
3hour,경기 가평,가평 쁘띠프랑스 & 이탈리아마을,Gapyeong Petite France & Italy Village,"가평 유럽풍 테마파크 코스
▪ 쁘띠프랑스 → 이탈리아마을 피노키오
▪ 드라마 '별에서 온 그대' 촬영지
▪ 남이섬 연계 당일 코스 최적","Gapyeong European-style theme park
▪ Petite France → Italy Village Pinocchio
▪ 'My Love from the Star' drama filming location
▪ Best combined with Nami Island day trip",청평면 호반로 1063,"1063 Hoban-ro, Cheongpyeong-myeon, Gapyeong-gun, Gyeonggi-do",경춘선 청평역 → 버스 → 쁘띠프랑스 (약 30분),2시간,easy,"성인 12,000원",https://map.naver.com/v5/search/쁘띠프랑스,https://map.kakao.com/link/search/쁘띠프랑스,https://www.pfcamp.com,TRUE,
recommend,경기 여주,여주 도자기 프리미엄 아울렛 & 강변유원지,Yeoju Ceramics Premium Outlet & Riverside,"여주 프리미엄아울렛 + 강변유원지 코스
▪ 여주 프리미엄아울렛 (국내 최대 아울렛 중 하나)
▪ 남한강 여주 강변유원지 산책
▪ 신륵사 연계 문화 탐방 가능","Yeoju Premium Outlets + riverfront park
▪ Yeoju Premium Outlets (one of Korea's largest)
▪ Namhangang Yeoju Riverside Park walk
▪ Silleuksa Temple cultural visit connection",명품로 360,"360 Myeongpum-ro, Yeoju-si, Gyeonggi-do",경강선 여주역 → 버스 → 프리미엄아울렛 (약 15분),4시간,easy,무료 (쇼핑 별도),https://map.naver.com/v5/search/여주프리미엄아울렛,https://map.kakao.com/link/search/여주프리미엄아울렛,https://www.premiumoutlets.co.kr/yeoju,FALSE,
3hour,경기 평택,평택 미군기지 주변 & 쉐이크쉑 평택점,Pyeongtaek US Base Area & Shake Shack,"평택 K-6·험프리스 기지 주변 탐방
▪ 미군 문화 녹아든 평택 안정리 거리
▪ 국내 최초 쉐이크쉑 정통 미국식 버거
▪ 다국적 음식·바 문화 체험","Pyeongtaek Camp Humphreys area exploration
▪ US military culture-infused Anjeongnri street
▪ Authentic American burgers & first Shake Shack
▪ Multicultural food & bar culture experience",안정리 안정로 일대,"Anjeongnri street area, Pyeongtaek-si, Gyeonggi-do",1호선 서정리역 → 버스 → 안정리 (약 15분),2시간,easy,"식비 15,000원~",https://map.naver.com/v5/search/평택+안정리,https://map.kakao.com/link/search/평택+안정리,해당없음,TRUE,
recommend,경기 안산,안산 대부도 바지락 칼국수 & 해안 드라이브,Ansan Daebudo Clam Noodle & Coastal Drive,"대부도 바지락 칼국수 + 해안 드라이브 코스
▪ 시화방조제 → 대부도 → 바지락 칼국수 골목
▪ 서해안 갯벌 광경 · 선감역사박물관 연계
▪ 자동차 드라이브 코스 추천","Daebudo clam kalguksu + coastal drive
▪ Sihwa Dike → Daebudo Island → clam kalguksu alley
▪ West Sea tidal flat scenery · Sungam History Museum nearby
▪ Recommended as a car drive course",대부황금로 일대,"Daebuhwanggeum-ro area, Danwon-gu, Ansan-si, Gyeonggi-do",4호선 안산역 → 790번 버스 → 대부도 (약 1시간),3시간,easy,"바지락칼국수 10,000~15,000원",https://map.naver.com/v5/search/대부도+바지락칼국수,https://map.kakao.com/link/search/대부도+바지락칼국수,해당없음,TRUE,
3hour,경기 오산,독산성 & 세마대 역사 탐방,Doksan Fortress & Sema Pavilion History,"오산 독산성 역사 탐방 코스
▪ 독산성 → 세마대 → 오산천 생태공원
▪ 임진왜란 권율 장군 방어 거점
▪ 성곽 정상 오산 시내 조망 탁월","Osan Doksan Fortress history exploration
▪ Doksan Fortress → Sema Pavilion → Oson Stream Eco Park
▪ General Gwon Yul's defense base during Imjin War
▪ Excellent Osan city views from fortress summit",지곶동 산 34-1,"San 34-1, Jigok-dong, Osan-si, Gyeonggi-do",1호선 세마역 1번 출구 → 도보 20분 → 독산성 입구,2시간,medium,무료,https://map.naver.com/v5/search/독산성,https://map.kakao.com/link/search/독산성,해당없음,TRUE,
recommend,경기 광명,광명동굴 & 광명 새우튀김 거리,Gwangmyeong Cave & Shrimp Fritter Street,"광명동굴 + 새우튀김 거리 코스
▪ 광명동굴 (폐금속광산 → 테마파크) → 새우튀김 거리
▪ 동굴 내부 와인동굴·황금폭포 포토존
▪ 새우튀김 거리 1인분 5,000원 가성비 최고","Gwangmyeong Cave + shrimp fritter street
▪ Gwangmyeong Cave (abandoned mine → theme park) → Shrimp Fritter Street
▪ Wine cave & golden waterfall photo spots inside
▪ Shrimp fritter street 5,000 KRW per portion",가학로85번길 142,"142 Gahak-ro 85beon-gil, Gwangmyeong-si, Gyeonggi-do",7호선 철산역 2번 출구 → 17번 버스 → 광명동굴 (약 20분),3시간,easy,"동굴 입장료 6,000원",https://map.naver.com/v5/search/광명동굴,https://map.kakao.com/link/search/광명동굴,https://www.gm.go.kr/cv,TRUE,
3hour,경기 성남,분당 정자동 카페거리 & 탄천 산책,Bundang Jeongja-dong Cafe Street & Tancheon Walk,"분당 정자동 카페거리 + 탄천 산책 코스
▪ 정자역 → 정자동 카페거리 → 탄천 둔치 산책
▪ 스타트업·IT 종사자 밀집 · 트렌디 카페
▪ 판교·수내동 연계 가능","Bundang Jeongja-dong cafe street + Tancheon riverside walk
▪ Jeongja Station → Jeongja-dong cafe street → Tancheon riverside
▪ Startup & IT worker hub · trendy cafes
▪ Connects to Pangyo & Sunae-dong",정자일로 248번길 일대,"Jeongja-illo 248beon-gil area, Bundang-gu, Seongnam-si, Gyeonggi-do",신분당선 정자역 4번 출구 → 도보 3분 → 정자동 카페거리,2시간,easy,"음료 7,000원~",https://map.naver.com/v5/search/정자동+카페거리,https://map.kakao.com/link/search/정자동+카페거리,해당없음,TRUE,
recommend,경기 과천,서울대공원 & 국립현대미술관 과천,Seoul Grand Park & MMCA Gwacheon,"과천 서울대공원 + 국립현대미술관 코스
▪ 서울대공원 동물원 → 국립현대미술관 과천관
▪ 수도권 최대 동물원 · 미술관 무료 상설전
▪ 서울랜드 연계 (별도 입장료)","Gwacheon Seoul Grand Park + MMCA
▪ Seoul Zoo → National Museum of Modern Art Gwacheon
▪ Capital's largest zoo · free permanent exhibitions at MMCA
▪ Seoul Land connection (separate fee)",대공원광장로 102,"102 Daegongwon Gwangjang-ro, Gwacheon-si, Gyeonggi-do",4호선 대공원역 2번 출구 → 도보 5분 → 서울대공원,4시간,easy,"동물원 성인 5,000원",https://map.naver.com/v5/search/서울대공원,https://map.kakao.com/link/search/서울대공원,https://grandpark.seoul.go.kr,TRUE,
3hour,경기 용인,경기도 어린이박물관 & 백남준아트센터,Gyeonggi Children's Museum & Nam June Paik Art Center,"용인 경기도어린이박물관 + 백남준아트센터
▪ 어린이박물관 체험 전시 → 백남준아트센터
▪ 백남준 비디오 아트 전시 국내 최대 규모
▪ 용인시 문화예술 클러스터","Yongin Gyeonggi Children's Museum + Nam June Paik Art Center
▪ Children's museum interactive exhibits → NJP Art Center
▪ Korea's largest Nam June Paik video art collection
▪ Yongin cultural arts cluster",상갈로 6,"6 Sanggal-ro, Giheung-gu, Yongin-si, Gyeonggi-do",분당선 기흥역 1번 출구 → 버스 → 어린이박물관 (약 15분),3시간,easy,"어린이박물관 4,000원 / 백남준 무료",https://map.naver.com/v5/search/경기도어린이박물관,https://map.kakao.com/link/search/경기도어린이박물관,https://www.gcm.go.kr,FALSE,
3hour,경기 군포,수리산 도립공원 & 군포 철쭉축제,Surisan Provincial Park & Gunpo Azalea Festival,"수리산 도립공원 철쭉 산행 코스
▪ 수리산 정상 (474m) → 태을봉 → 슬기봉
▪ 4~5월 군포 철쭉축제 기간 절경
▪ 초보 가능 난이도 · 왕복 약 3시간","Surisan Provincial Park azalea mountain walk
▪ Surisan summit (474m) → Taeeul Peak → Seulgi Peak
▪ April–May Gunpo Azalea Festival spectacular scenery
▪ Beginner-friendly · round trip ~3 hours",수리산로 1,"1 Surisan-ro, Gunpo-si, Gyeonggi-do",4호선 산본역 2번 출구 → 도보 20분 → 수리산 입구,3시간,medium,무료,https://map.naver.com/v5/search/수리산도립공원,https://map.kakao.com/link/search/수리산도립공원,해당없음,TRUE,
recommend,경기 시흥,시흥 오이도 & 갯골생태공원,Siheung Oido & Gaetgol Eco Park,"시흥 오이도 + 갯골생태공원 코스
▪ 오이도 선사유적지 → 오이도 빨간등대 → 갯골생태공원
▪ 갯골생태공원 흔들다리 · 소금밭 체험
▪ 서해안 갯벌 생태 학습 최적지","Siheung Oido + Gaetgol Eco Park
▪ Oido prehistoric site → Oido Red Lighthouse → Gaetgol Eco Park
▪ Gaetgol suspension bridge · salt field experience
▪ Best West Sea tidal flat ecology learning spot",오이도로 175,"175 Oido-ro, Siheung-si, Gyeonggi-do",4호선 오이도역 1번 출구 → 도보 20분 → 오이도 선착장,3시간,easy,무료,https://map.naver.com/v5/search/오이도+시흥,https://map.kakao.com/link/search/오이도+시흥,해당없음,FALSE,
3hour,경기 고양,한국판 베르사유 고양 호수공원,Goyang Lake Park — Korea's Versailles,"고양 일산 호수공원 산책 코스
▪ 호수공원 정문 → 메타세쿼이아길 → 장미원 → 노래하는 분수대
▪ 국내 최대 인공 호수공원 (100만㎡)
▪ 고양 꽃 박람회 기간(4~5월) 특히 추천","Goyang Ilsan Lake Park walk
▪ Main gate → Metasequoia path → Rose Garden → Singing Fountain
▪ Korea's largest artificial lake park (1,000,000㎡)
▪ Best during Goyang Flower Expo (April–May)",일산동구 호수로 595,"595 Hosu-ro, Ilsandong-gu, Goyang-si, Gyeonggi-do",3호선 정발산역 1번 출구 → 도보 5분 → 호수공원 정문,2시간,easy,무료,https://map.naver.com/v5/search/고양+호수공원,https://map.kakao.com/link/search/고양+호수공원,해당없음,TRUE,
3hour,경기 고양,행주산성 & 행주대첩 역사 탐방,Haengju Fortress & Battle of Haengju History,"행주산성 임진왜란 역사 탐방
▪ 행주산성 입구 → 덕양산 정상 → 권율 동상 → 한강 조망
▪ 임진왜란 3대 대첩 행주대첩 현장
▪ 행주치마 유래 역사 스토리텔링","Haengju Fortress Imjin War history tour
▪ Fortress entrance → Deogyang peak → General Gwon Yul statue → Han River view
▪ Site of Battle of Haengju (one of Imjin War's 3 great victories)
▪ Origin story of 'Haengju apron' folk tale",행주외동 덕양구 행주로15번길 89,"89 Haengju-ro 15beon-gil, Deogyang-gu, Goyang-si, Gyeonggi-do",2호선 합정역 → 96번 버스 → 행주산성 (약 40분),2시간,medium,"입장료 1,000원",https://map.naver.com/v5/search/행주산성,https://map.kakao.com/link/search/행주산성,해당없음,TRUE,
recommend,경기 파주,파주 헤이리 예술마을 & 프로방스,Paju Heyri Art Village & Provence,"파주 헤이리 예술마을 + 프로방스 코스
▪ 헤이리 예술마을 (갤러리·카페·공방) → 프로방스 유럽풍 마을
▪ 국내 최대 예술인 마을 · 독립 갤러리 50개+
▪ 출판도시 연계 가능","Paju Heyri Art Village + Provence village
▪ Heyri (galleries·cafes·workshops) → Provence European-style village
▪ Korea's largest artists' community · 50+ independent galleries
▪ Connects to Book City (Paju Bookcity)",탄현면 헤이리마을길 93-119,"93-119 Heyri Village-gil, Tanhyeon-myeon, Paju-si, Gyeonggi-do",2호선 홍대입구역 → 2200번 버스 → 헤이리 (약 1시간),3시간,easy,무료 (카페·전시 별도),https://map.naver.com/v5/search/헤이리예술마을,https://map.kakao.com/link/search/헤이리예술마을,https://www.heyri.net,TRUE,
recommend,경기 파주,파주 DMZ 임진각 & 도라산역 투어,Paju DMZ Imjingak & Dorasan Station Tour,"파주 DMZ 임진각 + 도라산역 역사 탐방
▪ 임진각 → 자유의 다리 → 도라산역 (남측 최북단 역)
▪ 도라산역 방문 시 여권 지참 권장
▪ 통일 염원 역사 현장 · 망배단","Paju DMZ Imjingak + Dorasan Station
▪ Imjingak → Freedom Bridge → Dorasan Station (southernmost station)
▪ Passport recommended for Dorasan Station visit
▪ Reunification wish historic site · Mangbaedan Altar",문산읍 임진각로 148-40,"148-40 Imjingak-ro, Munsan-eup, Paju-si, Gyeonggi-do",경의중앙선 임진강역 → 도보 15분 → 임진각,3시간,easy,도라산역 입장료 별도,https://map.naver.com/v5/search/임진각,https://map.kakao.com/link/search/임진각,해당없음,TRUE,
3hour,경기 파주,파주 출판도시 & 지혜의숲,Paju Bookcity & Forest of Wisdom,"파주 출판도시 + 지혜의숲 탐방
▪ 파주 출판도시 → 지혜의숲 (30만 권 장서) → 아시아출판문화정보센터
▪ 국내 최대 출판 클러스터 · 이색 건축물 밀집
▪ 헤이리 예술마을 연계 가능","Paju Bookcity + Forest of Wisdom
▪ Paju Bookcity → Forest of Wisdom (300,000 books) → Asia Publication Cultural Information Center
▪ Korea's largest publishing cluster · unique architecture
▪ Connects to Heyri Art Village",탄현면 파주출판로 145,"145 Pajuchulpan-ro, Tanhyeon-myeon, Paju-si, Gyeonggi-do",2호선 홍대입구역 → 2200번 버스 → 파주출판도시 (약 1시간),2시간,easy,무료,https://map.naver.com/v5/search/파주+지혜의숲,https://map.kakao.com/link/search/파주+지혜의숲,https://forestofwisdom.or.kr,TRUE,
3hour,경기 포천,포천 아트밸리 & 천문과학관,Pocheon Art Valley & Astronomy Center,"포천 아트밸리 채석장 공원 탐방
▪ 모노레일 탑승 → 천주호 에메랄드 호수 → 천문과학관
▪ 폐채석장을 예술 공간으로 재탄생
▪ 야간 천문 관측 프로그램 운영","Pocheon Art Valley quarry park
▪ Monorail → Cheonju Lake emerald pond → Astronomy Center
▪ Abandoned quarry transformed into art space
▪ Night astronomy observation programs available",신북면 아트밸리로 234,"234 Artvalley-ro, Sinbuk-myeon, Pocheon-si, Gyeonggi-do",동서울터미널 → 포천 버스 (약 1시간 30분) → 아트밸리 택시 10분,2시간,easy,"입장료 5,000원",https://map.naver.com/v5/search/포천아트밸리,https://map.kakao.com/link/search/포천아트밸리,https://www.artvalley.or.kr,TRUE,
recommend,경기 포천,비둘기낭 폭포 & 한탄강 지질공원,Bidulginang Falls & Hantangang Geo Park,"한탄강 국가지질공원 탐방
▪ 비둘기낭 폭포 → 재인폭포 → 한탄강 주상절리
▪ 유네스코 세계지질공원 인증
▪ 드라마·CF 촬영지 비둘기낭 폭포","Hantangang National Geopark exploration
▪ Bidulginang Falls → Jaein Falls → Hantangang columnar jointing
▪ UNESCO Global Geopark certified
▪ Bidulginang Falls — famous drama & CF filming location",영북면 비둘기낭길 207,"207 Bidulginang-gil, Yeongbuk-myeon, Pocheon-si, Gyeonggi-do",동서울터미널 → 포천 버스 → 비둘기낭 폭포 (약 2시간),3시간,easy,무료,https://map.naver.com/v5/search/비둘기낭폭포,https://map.kakao.com/link/search/비둘기낭폭포,해당없음,TRUE,
3hour,경기 포천,포천 허브아일랜드 야간 조명 축제,Pocheon Herb Island Night Light Festival,"포천 허브아일랜드 야간 조명 투어
▪ 허브 정원 → 빛 축제 포토존 → 허브 제품 쇼핑
▪ 연간 100만 명 방문 · 허브 체험 다양
▪ 야간 점등 (일몰 후 ~ 22:00)","Pocheon Herb Island night illumination tour
▪ Herb garden → light festival photo zones → herb product shopping
▪ 1 million visitors annually · diverse herb experiences
▪ Night lighting from sunset to 10pm",신북면 청신로947번길 35,"35 Cheongsin-ro 947beon-gil, Sinbuk-myeon, Pocheon-si, Gyeonggi-do",동서울터미널 → 포천 버스 (약 1시간 30분) → 허브아일랜드 셔틀,2시간,easy,"입장료 12,000원",https://map.naver.com/v5/search/포천허브아일랜드,https://map.kakao.com/link/search/포천허브아일랜드,https://www.herbisland.co.kr,FALSE,
3hour,경기 의정부,의정부 부대찌개 거리 & 미군 문화,Uijeongbu Budaejjigae Street & US Military Culture,"의정부 부대찌개 거리 탐방
▪ 의정부 부대찌개 원조 거리 → 평화로 먹거리타운
▪ 한국전쟁 후 미군 부대 잔류 식재료로 탄생한 부대찌개
▪ 원조 vs 신세대 부대찌개 비교 체험","Uijeongbu budaejjigae (army stew) street tour
▪ Original budaejjigae street → Pyeonghwa-ro food town
▪ Army stew born from leftover US military rations after Korean War
▪ Compare original vs new-style budaejjigae",의정부2동 평화로 494번길 일대,"Pyeonghwa-ro 494-beongil area, Uijeongbu-si, Gyeonggi-do",1호선 의정부역 1번 출구 → 도보 10분 → 부대찌개 거리,2시간,easy,"부대찌개 1인 12,000원~",https://map.naver.com/v5/search/의정부+부대찌개거리,https://map.kakao.com/link/search/의정부+부대찌개거리,해당없음,TRUE,
recommend,경기 남양주,남양주 다산 정약용 유적지 & 북한강,Namyangju Dasan Jeong Yagyong Historic Site,"정약용 선생 유적지 + 북한강 코스
▪ 여유당(생가) → 실학박물관 → 북한강 자전거길
▪ 조선 실학자 정약용 선생 생애 탐방
▪ 두물머리 연계 가능 (양수리)","Jeong Yagyong birthplace + Bukhangang River
▪ Yeoyudang (birthplace) → Silhak Museum → Bukhangang bike path
▪ Life story of Joseon Silhak scholar Jeong Yagyong
▪ Connects to Dumulmeori (Yangsu-ri)",조안면 다산로 747번길 11,"11 Dasan-ro 747beon-gil, Joan-myeon, Namyangju-si, Gyeonggi-do",경의중앙선 운길산역 → 버스 → 다산유적지 (약 20분),3시간,easy,"박물관 입장료 2,000원",https://map.naver.com/v5/search/다산유적지+남양주,https://map.kakao.com/link/search/다산유적지+남양주,https://www.dfm.go.kr,TRUE,
3hour,경기 남양주,두물머리 & 양수리 수변 산책,Dumulmeori Confluence & Yangsu-ri Riverside Walk,"남한강·북한강 합류점 두물머리 산책
▪ 두물머리 나루터 → 느티나무(400년) → 수상스키장
▪ 새벽 물안개 명소 · 사진 작가 성지
▪ 세미원(물과 꽃의 정원) 연계 가능","Dumulmeori Han River confluence riverside walk
▪ Dumulmeori ferry dock → 400-year-old elm tree → water ski site
▪ Famous for dawn river mist · photographer's pilgrimage
▪ Semiwon Garden (water & flower) connection",양서면 두물머리길 145,"145 Dumulmeori-gil, Yangseo-myeon, Yangpyeong-gun, Gyeonggi-do",경의중앙선 양수역 1번 출구 → 도보 15분 → 두물머리 나루터,2시간,easy,무료,https://map.naver.com/v5/search/두물머리,https://map.kakao.com/link/search/두물머리,해당없음,TRUE,
recommend,경기 양주,양주 나리공원 & 천일홍 축제,Yangju Nari Park & Globe Amaranth Festival,"양주 나리공원 꽃 축제 탐방
▪ 천일홍·해바라기·댑싸리 계절 꽃밭
▪ 8~9월 천일홍 절정 · 인스타 사진 명소
▪ 나리공원 입장 무료 · 주차 유료","Yangju Nari Park flower festival
▪ Globe amaranth · sunflower · kochia seasonal flower fields
▪ August–September peak globe amaranth · Instagram photo spot
▪ Nari Park free admission · parking fee applies",광적면 비암로 60번길 일대,"Biam-ro 60-beongil area, Gwangjeok-myeon, Yangju-si, Gyeonggi-do",전철 1호선 덕계역 → 버스 → 나리공원 (약 30분),2시간,easy,무료,https://map.naver.com/v5/search/양주나리공원,https://map.kakao.com/link/search/양주나리공원,해당없음,TRUE,
3hour,경기 연천,연천 임진강 & 재인폭포 트레킹,Yeoncheon Imjingang River & Jaein Falls Trekking,"연천 재인폭포 + 임진강 지질 트레킹
▪ 재인폭포 (현무암 주상절리 협곡) → 임진강 변 산책
▪ 한탄강 세계지질공원 핵심 구간
▪ 연천 전곡리 구석기 유적지 연계","Yeoncheon Jaein Falls + Imjingang geopark trekking
▪ Jaein Falls (basalt columnar jointing gorge) → Imjingang riverside walk
▪ Core section of Hantangang World Geopark
▪ Yeoncheon Jeonggok-ri Paleolithic site connection",연천읍 부곡리 192-1,"192-1 Bugok-ri, Yeoncheon-eup, Yeoncheon-gun, Gyeonggi-do",경원선 전곡역 → 버스 → 재인폭포 (약 30분),2시간,easy,무료,https://map.naver.com/v5/search/재인폭포+연천,https://map.kakao.com/link/search/재인폭포+연천,해당없음,TRUE,
3hour,경기 동두천,소요산 자재암 & 단풍 트레킹,Soyosan Mountain Jajaeam Temple & Foliage Trek,"소요산 단풍 트레킹 코스
▪ 소요산역 → 자재암 → 원효대 → 공주봉 (587m)
▪ 경기 단풍 명소 1위 · 10월 중순 절정
▪ 의상대사 창건 자재암 고찰","Soyosan Mountain autumn foliage trekking
▪ Soyosan Station → Jajaeam Temple → Wonhyodae → Gongju Peak (587m)
▪ Gyeonggi's #1 autumn foliage spot · peak mid-October
▪ Ancient temple Jajaeam founded by Master Uisang",소요동 소요산로 94-35,"94-35 Soyosan-ro, Soyo-dong, Dongducheon-si, Gyeonggi-do",1호선 소요산역 출구 → 도보 10분 → 소요산 입구,3시간,medium,"입장료 1,000원",https://map.naver.com/v5/search/소요산,https://map.kakao.com/link/search/소요산,해당없음,TRUE,
recommend,경기 고양,고양 원당종마목장 & 능곡 꽃시장,Goyang Wondang Stud Farm & Flower Market,"고양 원당종마목장 + 능곡 화훼단지
▪ 원당종마목장 승마 관람 → 능곡 화훼단지 꽃시장
▪ 한국마사회 종마목장 무료 개방
▪ 능곡 꽃시장 전국 최저가 꽃 도매 구매 가능","Goyang Wondang Stud Farm + Neunggok Flower Market
▪ Wondang Stud Farm horse viewing → Neunggok flower wholesale market
▪ Korea Racing Authority stud farm free access
▪ Cheapest wholesale flowers in Korea at Neunggok market",덕양구 서삼릉길 233-112,"233-112 Seosamnŭng-gil, Deogyang-gu, Goyang-si, Gyeonggi-do",3호선 원당역 1번 출구 → 버스 → 원당종마목장 (약 15분),3시간,easy,무료,https://map.naver.com/v5/search/원당종마목장,https://map.kakao.com/link/search/원당종마목장,해당없음,TRUE,
3hour,경기 김포,김포 문수산성 & 애기봉 평화생태공원,Gimpo Munsusan Fortress & Aegibong Peace Park,"김포 애기봉 평화생태공원 탐방
▪ 애기봉 전망대 → 조강·한강 합류점 조망
▪ 북한 개풍군 조망 가능 · DMZ 접경 지역
▪ 평화 전망대·생태 탐방로 무료 개방","Gimpo Aegibong Peace Ecology Park
▪ Aegibong Observatory → Jogang & Hangang confluence view
▪ North Korea Gaepung-gun visible · DMZ border area
▪ Peace observatory & ecology trail free access",하성면 조강저석로 264,"264 Jokangjeoseok-ro, Haseong-myeon, Gimpo-si, Gyeonggi-do",공항철도 김포공항역 → 버스 → 애기봉 (약 1시간),2시간,easy,무료,https://map.naver.com/v5/search/애기봉평화생태공원,https://map.kakao.com/link/search/애기봉평화생태공원,https://www.aegibong.or.kr,TRUE,
3hour,경기 가평,가평 자라섬 캠핑 & 재즈 페스티벌,Gapyeong Jara Island Camping & Jazz Festival,"가평 자라섬 캠핑 & 재즈 코스
▪ 자라섬 오토캠핑 → 자라섬 재즈 페스티벌 (10월)
▪ 북한강 수상레저 연계
▪ 봄 유채꽃·가을 단풍 시즌 인기","Gapyeong Jara Island camping & jazz
▪ Jara Island auto camping → Jara Island Jazz Festival (October)
▪ Bukhangang water leisure connection
▪ Popular during spring rapeseed & autumn foliage seasons",가평읍 달전리 1-1,"1-1 Daeljeon-ri, Gapyeong-eup, Gapyeong-gun, Gyeonggi-do",경춘선 가평역 1번 출구 → 도보 20분 → 자라섬,전일,easy,"캠핑 30,000~50,000원",https://map.naver.com/v5/search/자라섬+가평,https://map.kakao.com/link/search/자라섬+가평,https://www.jarasum.or.kr,FALSE,
recommend,경기 파주,파주 오두산 통일전망대,Paju Odu Mountain Unification Observatory,"파주 오두산 통일전망대 탐방
▪ 한강·임진강 합류점 → 북한 개풍군 조망
▪ 망원경으로 북한 주민 생활상 관찰 가능
▪ 1992년 개관 · 입장 시 신분증 지참 필수","Paju Odu Mountain Unification Observatory
▪ Han·Imjin River confluence → North Korea Gaepung-gun view
▪ Telescope observation of North Korean civilian life
▪ Opened 1992 · ID required for entry",탄현면 필승로 369,"369 Pilseung-ro, Tanhyeon-myeon, Paju-si, Gyeonggi-do",2호선 합정역 → 버스 → 오두산 통일전망대 (약 1시간),2시간,easy,"입장료 3,000원",https://map.naver.com/v5/search/오두산통일전망대,https://map.kakao.com/link/search/오두산통일전망대,https://www.jmd.co.kr,TRUE,
3hour,경기 의정부,의정부 직동근린공원 & 장암역 먹자골목,Uijeongbu Jikdong Park & Jangam Street Food,"의정부 장암동 공원 + 먹자골목 코스
▪ 직동근린공원 산책 → 장암역 먹자골목
▪ 부대찌개·순대국·감자탕 등 경기 북부 로컬 맛집
▪ 의정부 경전철 이용 편리","Uijeongbu Jikdong Park + Jangam food street
▪ Jikdong neighborhood park walk → Jangam Station food street
▪ Budaejjigae · sundae guk · gamjatang local restaurants
▪ Easy access via Uijeongbu Light Rail",장암동 먹자골목 일대,"Jangam-dong food street area, Uijeongbu-si, Gyeonggi-do",의정부경전철 장암역 → 도보 5분 → 먹자골목,2시간,easy,"식비 10,000원~",https://map.naver.com/v5/search/의정부+장암역+먹자골목,https://map.kakao.com/link/search/의정부+장암역+먹자골목,해당없음,TRUE,
recommend,경기 고양,고양 킨텍스 & 원마운트 워터파크,Goyang KINTEX & One Mount Water Park,"고양 킨텍스 + 원마운트 워터파크 코스
▪ 킨텍스 전시·박람회 관람 → 원마운트 워터파크
▪ 국내 최대 전시 컨벤션 센터
▪ 스노우파크(겨울)·워터파크(여름) 연중 운영","Goyang KINTEX + One Mount Water Park
▪ KINTEX exhibition & expo → One Mount Water Park
▪ Korea's largest exhibition convention center
▪ Snow Park (winter) · Water Park (summer) year-round",킨텍스로 217-60,"217-60 KINTEX-ro, Ilsanseo-gu, Goyang-si, Gyeonggi-do",3호선 대화역 1번 출구 → 도보 5분 → 킨텍스,4시간,easy,"워터파크 50,000원~",https://map.naver.com/v5/search/원마운트워터파크,https://map.kakao.com/link/search/원마운트워터파크,https://www.onemount.co.kr,FALSE,
3hour,경기 양평,양평 용문산 은행나무 & 용문사,Yangpyeong Yongmunsan Ginkgo Tree & Yongmunsa,"양평 용문산 천년 은행나무 탐방
▪ 용문사 입구 → 천년 은행나무 (높이 42m · 수령 1,100년)
▪ 동양 최대·최고령 은행나무
▪ 10월 중순 노랗게 물드는 은행나무 장관","Yangpyeong Yongmunsan millennium ginkgo tree
▪ Yongmunsa Temple entrance → millennium ginkgo tree (42m tall · 1,100 years old)
▪ Asia's largest and oldest ginkgo tree
▪ Spectacular golden foliage in mid-October",용문면 용문산로 782,"782 Yongmunsan-ro, Yongmun-myeon, Yangpyeong-gun, Gyeonggi-do",경의중앙선 용문역 → 버스 → 용문사 (약 20분),2시간,easy,"입장료 2,500원",https://map.naver.com/v5/search/용문사+양평,https://map.kakao.com/link/search/용문사+양평,해당없음,TRUE,
3hour,전북 전주,전주 한옥마을 야간 투어,Jeonju Hanok Village Night Tour,"전주 한옥마을 야경 탐방 코스
▪ 경기전 야간 → 전동성당 야경 → 은행로 한옥 골목
▪ 야간 한복 착용 시 더욱 감성적
▪ 전동성당 야간 조명 인증 포토존","Jeonju Hanok Village night scenery tour
▪ Gyeonggijeon night → Jeondong Cathedral night view → Eunhaeng-ro hanok alley
▪ More atmospheric with hanbok at night
▪ Jeondong Cathedral night illumination photo spot",기린대로 99,"99 Girin-daero, Wansan-gu, Jeonju-si, Jeonbuk-do",KTX 전주역 → 79번·119번 버스 → 한옥마을 정류장 (약 20분),2시간,easy,무료,https://map.naver.com/v5/search/전주한옥마을+야경,https://map.kakao.com/link/search/전주한옥마을+야경,해당없음,TRUE,
3hour,전북 전주,전주 남부시장 야시장 탐방,Jeonju Nambu Market Night Market,"전주 남부시장 야시장 먹거리 투어
▪ 매주 금·토 야시장 운영 (17:00~23:00)
▪ 비빔밥·피순대·막걸리 등 전주 전통 먹거리
▪ 1913 송정역 시장 스타일 감성 야시장","Jeonju Nambu Market night market food tour
▪ Night market every Fri·Sat (5pm–11pm)
▪ Bibimbap · pi-sundae · makgeolli Jeonju traditional food
▪ 1913 Songjeong Station market-style sensory night market",풍남문3길 1,"1 Pungnam-mun 3-gil, Wansan-gu, Jeonju-si, Jeonbuk-do",KTX 전주역 → 79번 버스 → 남부시장 정류장 (약 20분),2시간,easy,"식비 10,000~20,000원",https://map.naver.com/v5/search/전주남부시장+야시장,https://map.kakao.com/link/search/전주남부시장+야시장,해당없음,TRUE,
3hour,전북 전주,전주 경기전 & 어진박물관,Jeonju Gyeonggijeon & Eojin Museum,"전주 경기전 + 어진박물관 탐방
▪ 경기전(태조 이성계 어진 봉안) → 어진박물관 → 조선왕조실록 보관 경내
▪ 조선 왕실 역사 탐방
▪ 전동성당·풍남문 연계 도보 5분","Jeonju Gyeonggijeon + Eojin Museum
▪ Gyeonggijeon (King Taejo portrait) → Eojin Museum → Annals of Joseon storage site
▪ Joseon royal history exploration
▪ 5min walk to Jeondong Cathedral & Pungnammun",태조로 44,"44 Taejo-ro, Wansan-gu, Jeonju-si, Jeonbuk-do",KTX 전주역 → 79번 버스 → 경기전 정류장 (약 20분),1.5시간,easy,"성인 3,000원",https://map.naver.com/v5/search/전주경기전,https://map.kakao.com/link/search/전주경기전,해당없음,TRUE,
3hour,전북 전주,전주 한지 & 부채 공예 체험거리,Jeonju Hanji & Fan Craft Experience Street,"전주 전통 공예 체험 거리 탐방
▪ 공예품전시관 → 부채문화관 → 한지공예 공방
▪ 전주 합죽선(접부채) 국내 최고 산지
▪ 체험 비용 10,000~30,000원 별도","Jeonju traditional craft experience street
▪ Crafts Exhibition Hall → Fan Culture Center → hanji paper craft workshop
▪ Jeonju Hapjukson (folding fan) Korea's top production hub
▪ Experience fee 10,000–30,000 KRW separate",전주공예품전시관 일대,"Jeonju Craft Exhibition Hall area, Wansan-gu, Jeonju-si",KTX 전주역 → 79번 버스 → 한옥마을 정류장 (약 20분),2시간,easy,무료 (체험 별도),https://map.naver.com/v5/search/전주+공예품전시관,https://map.kakao.com/link/search/전주+공예품전시관,해당없음,TRUE,
recommend,전북 전주,전주 오목대 & 이목대 조망 코스,Jeonju Omokdae & Imokdae Viewpoint Course,"전주 오목대 + 이목대 한옥마을 조망
▪ 오목대 정상 → 전주 한옥마을 전경 → 이목대
▪ 태조 이성계의 전승 기념 잔치 장소
▪ 일몰 시 전주 최고 야경 포인트","Jeonju Omokdae + Imokdae Hanok Village panorama
▪ Omokdae summit → Jeonju Hanok Village panoramic view → Imokdae
▪ Site of King Taejo's victory celebration banquet
▪ Best Jeonju sunset view point",교동 산14-7,"San 14-7 Gyo-dong, Wansan-gu, Jeonju-si, Jeonbuk-do",KTX 전주역 → 79번 버스 → 한옥마을 → 도보 10분 → 오목대,1.5시간,easy,무료,https://map.naver.com/v5/search/전주오목대,https://map.kakao.com/link/search/전주오목대,해당없음,TRUE,
recommend,전북 전주,전주 완산칠봉 & 완산공원,Jeonju Wansan Chilbong & Wansan Park,"전주 완산칠봉 산책 + 완산공원 코스
▪ 완산공원 → 완산칠봉 → 진달래·철쭉 군락지
▪ 전주 시내 조망 포인트
▪ 4~5월 진달래·철쭉 만개 시 절경","Jeonju Wansan Chilbong walk + Wansan Park
▪ Wansan Park → Wansan Chilbong → azalea & royal azalea grove
▪ Jeonju city panoramic viewpoint
▪ Spectacular April–May when azaleas are in full bloom",완산동 산1,"San 1 Wansan-dong, Wansan-gu, Jeonju-si, Jeonbuk-do",KTX 전주역 → 시내버스 → 완산공원 (약 25분),2시간,easy,무료,https://map.naver.com/v5/search/전주완산공원,https://map.kakao.com/link/search/전주완산공원,해당없음,TRUE,
3hour,전북 전주,전주 교동·풍남동 근대 골목 탐방,Jeonju Gyo-dong Modern Alley Tour,"전주 근대 역사 골목 탐방
▪ 교동 미로골목 → 풍남동 일제 강점기 건축물 → 전주향교
▪ 조선 후기~근대 역사 공존 거리
▪ 한옥마을 핵심 인스타 명소","Jeonju modern history alley exploration
▪ Gyo-dong maze alley → Pungnam-dong colonial-era buildings → Jeonju Hyanggyo
▪ Street where late Joseon and modern history coexist
▪ Core Instagram spots in Hanok Village",교동 일대,"Gyo-dong area, Wansan-gu, Jeonju-si, Jeonbuk-do",KTX 전주역 → 79번 버스 → 한옥마을 정류장 (약 20분),2시간,easy,무료,https://map.naver.com/v5/search/전주교동미로골목,https://map.kakao.com/link/search/전주교동미로골목,해당없음,TRUE,
3hour,전북 전주,전주 비빔밥 쿠킹 클래스,Jeonju Bibimbap Cooking Class,"전주 비빔밥 만들기 쿠킹 클래스
▪ 전통 비빔밥 재료 손질 → 직접 비벼 완성
▪ 고추장·참기름·나물 등 전통 레시피
▪ 완성 후 직접 시식 + 레시피 카드 제공","Jeonju bibimbap making cooking class
▪ Traditional bibimbap ingredient prep → mix and finish yourself
▪ Traditional recipe with gochujang · sesame oil · namul
▪ Eat after completion + recipe card provided",한옥마을 일대 쿠킹 스튜디오,"Cooking studio in Hanok Village area, Jeonju-si, Jeonbuk-do",KTX 전주역 → 79번 버스 → 한옥마을 정류장 (약 20분),2시간,easy,"30,000~50,000원",https://map.naver.com/v5/search/전주+비빔밥+쿠킹클래스,https://map.kakao.com/link/search/전주+비빔밥+쿠킹클래스,해당없음,FALSE,
recommend,전북 군산,군산 근대 역사 문화 거리,Gunsan Modern History Cultural Street,"군산 일제 강점기 근대 건축물 탐방
▪ 군산 근대역사박물관 → 진포해양공원 → 히로쓰 가옥
▪ 영화 '8월의 크리스마스' '타짜' 촬영지
▪ 근대 건축물 밀집 도시 · 시간 여행 감성","Gunsan colonial-era modern architecture tour
▪ Gunsan Modern History Museum → Jinpo Maritime Park → Hirots House
▪ Filming location for '8월의 크리스마스' and '타짜'
▪ Dense modern heritage city · time-travel atmosphere",해망로 230,"230 Haemang-ro, Gunsan-si, Jeonbuk-do",KTX 익산역 → 군산 시외버스 (약 30분) → 군산역 도보 10분,3시간,easy,"박물관 입장료 3,000원",https://map.naver.com/v5/search/군산+근대역사박물관,https://map.kakao.com/link/search/군산+근대역사박물관,https://museum.gunsan.go.kr,TRUE,
recommend,전북 군산,군산 은파호수공원 & 조각공원,Gunsan Eunpa Lake Park & Sculpture Park,"군산 은파호수공원 + 조각공원 산책
▪ 은파호수 수변 산책로 → 조각공원 → 물빛다리
▪ 군산 시민 나들이 1번지
▪ 야간 분수 조명쇼 운영 (여름 한정)","Gunsan Eunpa Lake Park + Sculpture Park walk
▪ Eunpa Lake waterfront path → Sculpture Park → Mulbit Bridge
▪ Gunsan residents' #1 outing destination
▪ Night fountain light show (summer only)",나운동 번영로 507,"507 Beonyeong-ro, Naun-dong, Gunsan-si, Jeonbuk-do",군산역 → 시내버스 → 은파호수공원 (약 20분),2시간,easy,무료,https://map.naver.com/v5/search/군산은파호수공원,https://map.kakao.com/link/search/군산은파호수공원,해당없음,TRUE,
recommend,전북 익산,익산 미륵사지 & 백제 유적 탐방,Iksan Mireuksa Temple Site & Baekje Heritage,"익산 미륵사지 + 국립익산박물관 탐방
▪ 미륵사지 석탑 (국보) → 국립익산박물관
▪ 유네스코 세계문화유산 백제역사유적지구
▪ 국내 최대 백제 석탑 복원 현장","Iksan Mireuksa Temple site + National Iksan Museum
▪ Mireuksa stone pagoda (National Treasure) → National Iksan Museum
▪ UNESCO World Heritage Baekje Historic Areas
▪ Korea's largest restored Baekje stone pagoda",금마면 미륵사지로 362,"362 Mireuksaji-ro, Geumma-myeon, Iksan-si, Jeonbuk-do",KTX 익산역 → 시내버스 → 미륵사지 (약 30분),2시간,easy,무료,https://map.naver.com/v5/search/익산미륵사지,https://map.kakao.com/link/search/익산미륵사지,해당없음,TRUE,
3hour,전북 남원,남원 광한루원 & 춘향테마파크,Namwon Gwanghallu Pavilion & Chunhyang Theme Park,"남원 광한루원 + 춘향테마파크 탐방
▪ 광한루 → 오작교 → 춘향 사당 → 몽룡실
▪ 춘향전 발상지 · 5월 춘향제 개최
▪ 아름다운 연못·정자 한국 3대 누원","Namwon Gwanghallu Pavilion + Chunhyang Theme Park
▪ Gwanghallu → Ojak Bridge → Chunhyang Shrine → Mongnyong Room
▪ Birthplace of Chunhyang tale · Chunhyang Festival in May
▪ Korea's 3 great pavilion gardens",광한루원길 1,"1 Gwanghallu-wongil, Namwon-si, Jeonbuk-do",KTX 남원역 → 시내버스 → 광한루원 (약 15분),2시간,easy,"성인 3,000원",https://map.naver.com/v5/search/남원광한루원,https://map.kakao.com/link/search/남원광한루원,해당없음,TRUE,
recommend,전남 담양,담양 죽녹원 & 메타세쿼이아길,Damyang Juknokwon Bamboo Garden & Metasequoia Road,"담양 죽녹원 + 메타세쿼이아 가로수길
▪ 죽녹원 대나무숲 산책 → 메타세쿼이아길 드라이브
▪ 담양 대나무 한과·떡갈비 맛집 연계
▪ 영화 '식객' 촬영지 메타세쿼이아길","Damyang Juknokwon bamboo garden + Metasequoia road
▪ Juknokwon bamboo forest walk → Metasequoia road drive
▪ Damyang bamboo snacks & tteokgalbi restaurants nearby
▪ Metasequoia road — 'Sikgaek' movie filming location",향교리 산4,"San 4 Hyanggyo-ri, Damyang-eup, Damyang-gun, Jeonnam",광주 유스퀘어터미널 → 담양 버스 (약 40분) → 죽녹원 택시,3시간,easy,"죽녹원 입장료 3,000원",https://map.naver.com/v5/search/담양죽녹원,https://map.kakao.com/link/search/담양죽녹원,https://www.juknokwon.go.kr,TRUE,
3hour,전남 여수,여수 밤바다 & 낭만포차거리,Yeosu Night Sea & Romantic Pojangmacha Street,"여수 밤바다 + 낭만포차거리 야간 코스
▪ 여수 낭만포차거리 → 이순신광장 → 돌산대교 야경
▪ 이박사·장윤정 '여수 밤바다' 노래 배경
▪ 포차거리 갈치조림·게장·회 요리 추천","Yeosu night sea + Nangman Pojangmacha Street night course
▪ Nangman Street → Yi Sun-sin Square → Dolsan Bridge night view
▪ Backdrop of Busker Busker's 'Yeosu Night Sea' song
▪ Galchi jjorim · gejang · raw fish at pojangmacha stalls",낭만포차로 19,"19 Nangman Pocha-ro, Yeosu-si, Jeonnam",KTX 여수엑스포역 → 도보 10분 → 낭만포차거리,2시간,easy,"식비 20,000원~",https://map.naver.com/v5/search/여수낭만포차거리,https://map.kakao.com/link/search/여수낭만포차거리,해당없음,TRUE,
recommend,전남 여수,여수 오동도 & 케이블카 코스,Yeosu Odongdo Island & Cable Car Course,"여수 오동도 + 해상케이블카 코스
▪ 오동도 선착장 → 동백꽃 군락지 → 오동도 등대
▪ 여수 해상케이블카 (돌산∼자산공원) 연계
▪ 12월~3월 동백꽃 절정","Yeosu Odongdo Island + Ocean Cable Car
▪ Odongdo dock → camellia flower grove → Odongdo Lighthouse
▪ Yeosu Ocean Cable Car (Dolsan–Jasan Park) connection
▪ Camellia flower peak December–March",수정동 오동도로 17,"17 Odongdo-ro, Sujeong-dong, Yeosu-si, Jeonnam",KTX 여수엑스포역 → 시내버스 → 오동도 (약 15분),3시간,easy,"오동도 무료 / 케이블카 왕복 15,000원",https://map.naver.com/v5/search/여수오동도,https://map.kakao.com/link/search/여수오동도,해당없음,TRUE,
recommend,전남 순천,순천만 갈대밭 & 순천만 국가정원,Suncheonman Reed Bed & National Garden,"순천만 갈대밭 + 국가정원 탐방
▪ 순천만 갈대밭 탐방로 → 용산전망대 → 국가정원
▪ 세계 5대 연안습지 · 흑두루미 철새 도래지
▪ 10~11월 갈대 절정 시즌","Suncheonman reed bed + National Garden
▪ Reed bed trail → Yongsan Observatory → National Garden
▪ World's top 5 coastal wetland · black-necked crane migratory site
▪ Reed peak season October–November",대대동 국가정원1호길 47,"47 Gukga Jeongwon 1-ho-gil, Daedae-dong, Suncheon-si, Jeonnam",KTX 순천역 → 시내버스 67번 → 순천만 (약 20분),3시간,easy,"통합권 성인 12,000원",https://map.naver.com/v5/search/순천만국가정원,https://map.kakao.com/link/search/순천만국가정원,https://www.scgardens.or.kr,TRUE,
3hour,전남 보성,보성 녹차밭 & 대한다원 탐방,Boseong Green Tea Field & Daehan Dawon Tour,"보성 대한다원 녹차밭 탐방
▪ 대한다원 정문 → 녹차밭 산책로 → 정상 전망대
▪ 국내 최대 녹차 산지 · 드라마·CF 촬영 명소
▪ 녹차 아이스크림·녹차 라떼 현장 판매","Boseong Daehan Dawon green tea field tour
▪ Daehan Dawon entrance → tea field trail → summit viewpoint
▪ Korea's largest green tea producing area · TV drama & CF filming spot
▪ Green tea ice cream & latte on-site",보성읍 녹차로 763-43,"763-43 Nok-cha-ro, Boseong-eup, Boseong-gun, Jeonnam",광주 유스퀘어 → 보성 버스 (약 1시간 30분) → 대한다원 택시,2시간,easy,"입장료 4,000원",https://map.naver.com/v5/search/보성대한다원,https://map.kakao.com/link/search/보성대한다원,https://www.dhdawon.com,TRUE,
recommend,전북 무주,무주 반딧불이 생태 체험 & 덕유산 리조트,Muju Firefly Eco Tour & Deogyusan Resort,"무주 반딧불이 체험 + 덕유산 리조트 코스
▪ 반딧불이 생태 관찰 (야간 투어)
▪ 덕유산 곤돌라 탑승 → 향적봉 설경
▪ 겨울 스키·여름 워터파크 연중 운영","Muju firefly experience + Deogyusan Resort
▪ Firefly ecology night observation tour
▪ Deogyusan gondola → Hyangjeokbong peak snow scenery
▪ Winter ski & summer water park year-round",설천면 만선로 185,"185 Manseon-ro, Seolcheon-myeon, Muju-gun, Jeonbuk-do",동서울터미널 → 무주 버스 (약 3시간) → 덕유산 리조트 셔틀,전일,easy,"곤돌라 왕복 18,000원~",https://map.naver.com/v5/search/무주덕유산리조트,https://map.kakao.com/link/search/무주덕유산리조트,https://www.deogyusan.co.kr,FALSE,
3hour,전남 광양,광양 매화마을 봄 꽃 탐방,Gwangyang Maehwa Village Spring Blossom Tour,"광양 청매실농원 매화꽃 탐방
▪ 청매실농원 → 매화 군락지 → 섬진강 강변
▪ 3월 초중순 매화 절정 (벚꽃보다 일찍)
▪ 홍쌍리 청매실농원 매실 제품 직판","Gwangyang Cheongmaesil Farm plum blossom tour
▪ Cheongmaesil Farm → plum blossom grove → Seomjin River bank
▪ Peak plum blossoms early–mid March (before cherry blossoms)
▪ Hong Ssang-ri Cheongmaesil Farm plum products direct sale",다압면 지막길 55,"55 Jimak-gil, Daap-myeon, Gwangyang-si, Jeonnam",KTX 광양역 → 버스 → 매화마을 (약 40분),2시간,easy,무료,https://map.naver.com/v5/search/광양매화마을,https://map.kakao.com/link/search/광양매화마을,해당없음,TRUE,
recommend,전남 해남,해남 땅끝마을 & 달마산 미황사,Haenam Ttangkkut (Land's End) Village & Mihwangsa,"한반도 최남단 땅끝마을 탐방
▪ 땅끝마을 → 땅끝탑 → 달마산 미황사
▪ 한반도 최남단 지점 공식 인증
▪ 완도·보길도 여객선 연계 가능","Korea's southernmost Ttangkkut (Land's End) Village
▪ Ttangkkut Village → Ttangkkut Tower → Dalma Mountain Mihwangsa Temple
▪ Official Korea's southernmost point certification
▪ Ferry to Wando & Bogil Island available",송지면 땅끝마을길 100,"100 Ttangkkutmaeul-gil, Songji-myeon, Haenam-gun, Jeonnam",광주 유스퀘어 → 해남 버스 (약 2시간) → 땅끝마을 버스,3시간,easy,"케이블카 왕복 8,000원",https://map.naver.com/v5/search/해남땅끝마을,https://map.kakao.com/link/search/해남땅끝마을,해당없음,TRUE,
3hour,경북 경주,경주 대릉원 & 천마총 탐방,Gyeongju Daereungwon & Cheonmachong Tumuli,"경주 대릉원 고분공원 탐방
▪ 대릉원 → 천마총 내부 관람 → 황남대총
▪ 신라 왕릉 23기 밀집 · 천마도 원화 관람
▪ 황리단길 카페거리 도보 5분 연계","Gyeongju Daereungwon tumuli park exploration
▪ Daereungwon → Cheonmachong interior viewing → Hwangnamdaechong
▪ 23 Silla royal tombs clustered · original Cheonmado painting viewing
▪ Hwangridangil cafe street 5min walk connection",계림로 9,"9 Gyerim-ro, Gyeongju-si, Gyeongsangbuk-do",KTX 신경주역 → 700번 버스 → 대릉원 (약 40분),2시간,easy,"성인 3,000원",https://map.naver.com/v5/search/경주대릉원,https://map.kakao.com/link/search/경주대릉원,해당없음,TRUE,
3hour,경북 경주,경주 동궁과 월지 야간 탐방,Gyeongju Donggung Palace & Wolji Pond Night Tour,"경주 동궁과 월지 야경 탐방
▪ 동궁·월지 → 수면 반영 야경 포토존
▪ 국내 최고 야경 명소 중 하나
▪ 야간 개장 운영 (일몰 후 ~ 22:00)","Gyeongju Donggung Palace & Wolji Pond night scenery
▪ Donggung·Wolji → reflected night view photo zone
▪ One of Korea's top night scenery spots
▪ Night opening (from sunset to 10pm)",원화로 102,"102 Wonhwa-ro, Gyeongju-si, Gyeongsangbuk-do",KTX 신경주역 → 700번 버스 → 동궁과월지 (약 40분),1.5시간,easy,"성인 3,000원",https://map.naver.com/v5/search/동궁과월지,https://map.kakao.com/link/search/동궁과월지,해당없음,TRUE,
3hour,경북 경주,경주 황리단길 카페 & 맛집 탐방,Gyeongju Hwangridangil Cafe & Food Tour,"경주 황리단길 핫플 탐방 코스
▪ 황리단길 카페거리 → 황남빵 → 찰보리빵 → 경주빵
▪ 대릉원 옆 레트로 감성 골목
▪ 한복 착용 인증샷 명소 밀집","Gyeongju Hwangridangil hotspot tour
▪ Hwangridangil cafe street → Hwangnam Bread → Chalboribang → Gyeongju Bread
▪ Retro-atmosphere alley next to Daereungwon
▪ Many hanbok photo spots",포석로 1080,"1080 Poseok-ro, Gyeongju-si, Gyeongsangbuk-do",KTX 신경주역 → 700번 버스 → 황리단길 (약 40분),2시간,easy,"빵·음료 10,000원~",https://map.naver.com/v5/search/경주황리단길,https://map.kakao.com/link/search/경주황리단길,해당없음,TRUE,
recommend,경북 경주,경주 남산 신라 불적 트레킹,Gyeongju Namsan Buddhist Relics Trekking,"경주 남산 신라 불교 유적 트레킹
▪ 삼릉 → 삼릉골 마애불 → 상선암 → 금오산
▪ 남산 전체 불상·탑 200여 개
▪ 세계문화유산 경주 역사지구 핵심","Gyeongju Namsan Silla Buddhist relics trekking
▪ Samneung → Samneunggol rock-carved Buddha → Sangseon Hermitage → Geumo Mountain
▪ 200+ Buddha statues & pagodas across Namsan
▪ Core of UNESCO Gyeongju Historic Areas",배동 삼릉 일대,"Samneung area, Bae-dong, Gyeongju-si, Gyeongsangbuk-do",KTX 신경주역 → 700번 버스 → 삼릉 정류장 (약 40분),4시간,medium,무료,https://map.naver.com/v5/search/경주남산+삼릉,https://map.kakao.com/link/search/경주남산+삼릉,해당없음,TRUE,
3hour,경북 경주,경주 국립박물관 & 에밀레종,Gyeongju National Museum & Emille Bell,"경주 국립박물관 핵심 탐방
▪ 에밀레종(성덕대왕신종) → 금관 전시 → 야외 석조 전시
▪ 신라 문화재 30만여 점 최대 소장
▪ 어린이박물관 체험 연계 가능","Gyeongju National Museum highlights tour
▪ Emille Bell (Seongdeok Great Bell) → gold crown exhibit → outdoor stone exhibits
▪ Korea's largest Silla artifact collection (300,000+)
▪ Children's museum experience available",일정로 186,"186 Iljeong-ro, Gyeongju-si, Gyeongsangbuk-do",KTX 신경주역 → 700번 버스 → 국립경주박물관 (약 40분),2시간,easy,무료,https://map.naver.com/v5/search/국립경주박물관,https://map.kakao.com/link/search/국립경주박물관,https://gyeongju.museum.go.kr,TRUE,
3hour,경북 경주,경주 교촌마을 & 최부잣집 탐방,Gyeongju Gyochon Village & Choi Wealthy Family,"경주 교촌마을 + 최부잣집 탐방
▪ 교촌마을 → 최부잣집 → 경주향교 → 월정교
▪ 300년 명문가 최부잣집 역사 체험
▪ 월정교 복원 신라 다리 야경 포토존","Gyeongju Gyochon Village + Choi Wealthy Family
▪ Gyochon Village → Choi Wealthy Family house → Gyeongju Hyanggyo → Woljeong Bridge
▪ 300-year prestigious Choi family history
▪ Woljeong Bridge restored Silla bridge night photo spot",교동 69,"69 Gyo-dong, Gyeongju-si, Gyeongsangbuk-do",KTX 신경주역 → 700번 버스 → 교촌마을 (약 40분),2시간,easy,무료,https://map.naver.com/v5/search/경주교촌마을,https://map.kakao.com/link/search/경주교촌마을,해당없음,TRUE,
recommend,경북 경주,경주 감은사지 & 이견대 문무대왕릉,Gyeongju Gameunsa Temple Site & Munjeon Royal Tomb,"경주 문무왕 수중왕릉 + 감은사지 코스
▪ 감은사지 석탑 → 이견대 → 문무대왕릉 (해중릉)
▪ 세계 유일 수중왕릉 · 동해 일출 명소
▪ 해국·해당화 군락지 해안산책로","Gyeongju King Munmu underwater tomb + Gameunsa site
▪ Gameunsa stone pagodas → Igyeondae → King Munmu's underwater tomb
▪ World's only underwater royal tomb · East Sea sunrise spot
▪ Coastal trail with maritime aster & Rosa rugosa",양북면 봉길리 30-3,"30-3 Bonggil-ri, Yangbuk-myeon, Gyeongju-si, Gyeongsangbuk-do",KTX 신경주역 → 버스 → 감은사지 (약 1시간),3시간,easy,무료,https://map.naver.com/v5/search/문무대왕릉,https://map.kakao.com/link/search/문무대왕릉,해당없음,TRUE,
3hour,경북 경주,경주 첨성대 & 계림 산책,Gyeongju Cheomseongdae & Gyerim Forest Walk,"경주 첨성대 + 계림 소나무숲 산책
▪ 첨성대 → 계림 소나무숲 → 계림 (신라 김씨 발상지)
▪ 밤 조명 첨성대 인증 포토존
▪ 대릉원·황리단길 연계 도보 5분","Gyeongju Cheomseongdae + Gyerim pine forest walk
▪ Cheomseongdae → Gyerim pine forest → Gyerim (Silla Kim clan origin site)
▪ Night-lit Cheomseongdae photo spot
▪ 5min walk to Daereungwon & Hwangridangil",인왕동 839-1,"839-1 Inwang-dong, Gyeongju-si, Gyeongsangbuk-do",KTX 신경주역 → 700번 버스 → 첨성대 (약 40분),1.5시간,easy,무료,https://map.naver.com/v5/search/경주첨성대,https://map.kakao.com/link/search/경주첨성대,해당없음,TRUE,
recommend,경북 안동,안동 하회마을 & 병산서원 탐방,Andong Hahoe Village & Byeongsan Seowon,"안동 하회마을 + 병산서원 코스
▪ 하회마을 (유네스코 세계문화유산) → 부용대 → 병산서원
▪ 하회별신굿탈놀이 상설 공연 (매주 토요일)
▪ 낙동강·백사장·소나무숲 절경","Andong Hahoe Village + Byeongsan Seowon
▪ Hahoe Village (UNESCO) → Buyongdae Cliff → Byeongsan Seowon
▪ Hahoe Byeolsingo mask dance performance (every Saturday)
▪ Nakdong River · white sand beach · pine forest scenery",풍천면 하회리 287,"287 Hahoe-ri, Pungcheon-myeon, Andong-si, Gyeongsangbuk-do",안동버스터미널 → 46번 버스 → 하회마을 (약 30분),3시간,easy,"성인 5,000원",https://map.naver.com/v5/search/안동하회마을,https://map.kakao.com/link/search/안동하회마을,https://www.hahoe.or.kr,TRUE,
3hour,경북 안동,안동 찜닭골목 & 구시장 탐방,Andong Jjimdak Alley & Old Market Tour,"안동 구시장 찜닭골목 먹거리 투어
▪ 안동 구시장 → 찜닭골목 → 안동 간고등어 → 헛제사밥
▪ 찜닭 발상지 원조 골목 탐방
▪ 안동 로컬 5일장 (2·7일) 연계","Andong Old Market jjimdak alley food tour
▪ Andong Old Market → jjimdak alley → salted mackerel → heotjesabap
▪ Jjimdak birthplace original alley exploration
▪ Andong 5-day market (2nd & 7th) connection",번영길 13,"13 Beonyeong-gil, Andong-si, Gyeongsangbuk-do",안동버스터미널 → 도보 15분 → 구시장 찜닭골목,2시간,easy,"찜닭 1인 15,000원~",https://map.naver.com/v5/search/안동+찜닭골목,https://map.kakao.com/link/search/안동+찜닭골목,해당없음,TRUE,
recommend,경북 포항,포항 호미곶 & 새천년기념관,Pohang Homigot Cape & New Millennium Memorial,"포항 호미곶 일출 탐방 코스
▪ 상생의 손 조형물 → 호미곶 새천년기념관 → 국립등대박물관
▪ 한반도 최동단 일출 명소 (원일점)
▪ 매년 1월 1일 해맞이 축제 전국 최대 규모","Pohang Homigot Cape sunrise exploration
▪ Sangsaeng Hands sculpture → Homigot New Millennium Hall → National Lighthouse Museum
▪ Korean peninsula's easternmost sunrise spot
▪ January 1st sunrise festival — Korea's largest",호미곶면 해맞이로 150,"150 Haematji-ro, Homigot-myeon, Nam-gu, Pohang-si, Gyeongsangbuk-do",포항시외버스터미널 → 200번 버스 → 호미곶 (약 1시간),2시간,easy,무료,https://map.naver.com/v5/search/호미곶,https://map.kakao.com/link/search/호미곶,해당없음,TRUE,
3hour,경북 포항,포항 죽도시장 & 구룡포 과메기,Pohang Jukdo Market & Guryongpo Gwamegi,"포항 죽도시장 + 구룡포 과메기 탐방
▪ 죽도시장 (국내 최대 수산물 재래시장) → 구룡포 과메기 골목
▪ 겨울(11~2월) 과메기 제철 · 직판 구매
▪ 구룡포 근대역사문화거리 연계","Pohang Jukdo Market + Guryongpo gwamegi (dried fish)
▪ Jukdo Market (Korea's largest seafood traditional market) → Guryongpo gwamegi alley
▪ Gwamegi peak season winter (Nov–Feb) · direct purchase
▪ Guryongpo modern history cultural street connection",죽도동 죽도시장 일대,"Jukdo Market area, Jukdo-dong, Buk-gu, Pohang-si, Gyeongsangbuk-do",포항시외버스터미널 → 시내버스 → 죽도시장 (약 15분),2시간,easy,무료 (시식 별도),https://map.naver.com/v5/search/포항죽도시장,https://map.kakao.com/link/search/포항죽도시장,해당없음,TRUE,
recommend,경북 영주,영주 부석사 & 소수서원 탐방,Yeongju Buseoksa Temple & Sosu Seowon,"영주 부석사 + 소수서원 탐방
▪ 부석사 무량수전 (국보 18호) → 안양루 → 선묘당
▪ 유네스코 세계문화유산 한국의 서원
▪ 소수서원 국내 최초 사액서원","Yeongju Buseoksa Temple + Sosu Seowon
▪ Buseoksa Muryangsujeon (National Treasure 18) → Anyangru → Seonmyo Shrine
▪ UNESCO World Heritage Korean Confucian Academies
▪ Sosu Seowon — Korea's first royally chartered Seowon",부석면 부석사로 345,"345 Buseoksa-ro, Buseok-myeon, Yeongju-si, Gyeongsangbuk-do",영주버스터미널 → 부석 버스 → 부석사 (약 40분),3시간,medium,"입장료 1,500원",https://map.naver.com/v5/search/부석사+영주,https://map.kakao.com/link/search/부석사+영주,https://www.pusoksa.org,TRUE,
3hour,경남 통영,통영 케이블카 & 달아공원 낙조,Tongyeong Cable Car & Dara Park Sunset,"통영 한려수도 케이블카 + 달아공원 코스
▪ 케이블카 탑승 → 미륵산 정상 전망대 → 달아공원 낙조
▪ 한려해상국립공원 다도해 조망
▪ 통영 꿀빵·충무김밥 먹거리 연계","Tongyeong Hallyeohaesang cable car + Dara Park sunset
▪ Cable car → Mireuksan summit observatory → Dara Park sunset
▪ Hallyeohaesang National Park archipelago views
▪ Tongyeong kkul bread & Chungmu gimbap food connection",도남동 통영케이블카 일대,"Donam-dong cable car area, Tongyeong-si, Gyeongsangnam-do",통영버스터미널 → 시내버스 → 통영케이블카 (약 15분),3시간,easy,"케이블카 왕복 15,000원",https://map.naver.com/v5/search/통영케이블카,https://map.kakao.com/link/search/통영케이블카,https://www.cablecar.co.kr,TRUE,
3hour,경남 거제,거제 외도 보타니아 & 해금강,Geoje Oedo Botania & Haegeumgang,"거제 외도 보타니아 + 해금강 유람
▪ 거제 구조라 선착장 → 유람선 → 외도 보타니아
▪ 지중해풍 섬 식물원 · 드라마 '겨울연가' 촬영지
▪ 해금강 돛대바위 조망 코스 연계","Geoje Oedo Botania + Haegeumgang cruise
▪ Geoje Gurora dock → cruise boat → Oedo Botania
▪ Mediterranean-style island botanical garden · 'Winter Sonata' filming site
▪ Haegeumgang Dotdae Rock view cruise connection",일운면 외도길 17,"17 Oedo-gil, Irun-myeon, Geoje-si, Gyeongsangnam-do",고속버스 거제 → 구조라 시내버스 → 선착장 → 유람선 탑승,3시간,easy,"유람선 왕복 24,000원",https://map.naver.com/v5/search/외도보타니아,https://map.kakao.com/link/search/외도보타니아,해당없음,TRUE,
recommend,경남 하동,하동 쌍계사 & 십리벚꽃길,Hadong Ssanggyesa Temple & Cherry Blossom Road,"하동 쌍계사 + 십리벚꽃길 코스
▪ 쌍계사 → 쌍계사 입구 10리 벚꽃길 (4.3km)
▪ 4월 초중순 벚꽃 절정 · 드라이브 코스 추천
▪ 섬진강 재첩국 먹거리 연계","Hadong Ssanggyesa Temple + 10-ri cherry blossom road
▪ Ssanggyesa → 10-ri cherry blossom road (4.3km) to temple entrance
▪ Peak early–mid April · recommended as drive course
▪ Seomjin River crab soup food connection",화개면 쌍계사길 59,"59 Ssanggyesa-gil, Hwagae-myeon, Hadong-gun, Gyeongsangnam-do",진주버스터미널 → 화개장터 버스 → 쌍계사 택시 (약 1시간 30분),3시간,easy,무료,https://map.naver.com/v5/search/쌍계사+하동,https://map.kakao.com/link/search/쌍계사+하동,해당없음,TRUE,
3hour,경북 경주,경주 양동마을 유네스코 역사마을,Gyeongju Yangdong Village UNESCO Historic Village,"경주 양동마을 유네스코 탐방
▪ 손씨·이씨 500년 씨족마을 보존
▪ 조선 전기 건축 양식 가옥 150여 채
▪ 안동 하회마을과 함께 유네스코 등재","Gyeongju Yangdong Village UNESCO exploration
▪ Son clan & Yi clan 500-year lineage village preservation
▪ 150+ early Joseon-style houses
▪ UNESCO-inscribed together with Andong Hahoe Village",강동면 양동마을길 93,"93 Yangdong Village-gil, Gangdong-myeon, Gyeongju-si, Gyeongsangbuk-do",KTX 신경주역 → 버스 → 양동마을 (약 40분),2시간,easy,"성인 4,000원",https://map.naver.com/v5/search/경주양동마을,https://map.kakao.com/link/search/경주양동마을,해당없음,TRUE,
3hour,경북 경주,경주 보문관광단지 & 경주월드,Gyeongju Bomun Tourist Complex & Gyeongju World,"경주 보문관광단지 나들이
▪ 보문호 수변 산책 → 경주월드(선택) → 황금비율 카페거리
▪ 국제 규모 관광단지 · 호수 자전거 대여
▪ 경주월드 서킷 어드벤처 체험 가능","Gyeongju Bomun Tourist Complex outing
▪ Bomunho Lake walk → Gyeongju World (optional) → golden ratio cafe street
▪ International-scale resort complex · lake bike rental
▪ Gyeongju World circuit adventure available",보문로 42,"42 Bomun-ro, Gyeongju-si, Gyeongsangbuk-do",KTX 신경주역 → 700번 버스 → 보문관광단지 (약 30분),3시간,easy,무료 (놀이공원 별도),https://map.naver.com/v5/search/경주보문관광단지,https://map.kakao.com/link/search/경주보문관광단지,해당없음,TRUE,
recommend,경북 경주,경주 신라 토기 & 금속공예 체험,Gyeongju Silla Pottery & Metal Craft Experience,"경주 신라 전통 공예 체험 클래스
▪ 신라 토기 물레 성형 → 건조 → 완성품 배송
▪ 경주 금속공예 (금·은·동 세공) 체험 선택
▪ 황리단길 공방 예약 필수","Gyeongju Silla traditional craft experience
▪ Silla pottery wheel shaping → drying → completed piece delivery
▪ Metal craft (gold·silver·copper) experience available
▪ Hwangridangil workshop advance reservation required",황리단길 일대 공방,"Workshop in Hwangridangil area, Gyeongju-si, Gyeongsangbuk-do",KTX 신경주역 → 700번 버스 → 황리단길 (약 40분),2시간,easy,"40,000~70,000원",https://map.naver.com/v5/search/경주+공방체험,https://map.kakao.com/link/search/경주+공방체험,해당없음,FALSE,
1day,경북 경주,경주 역사 완전 정복 1일 코스,Gyeongju Complete History One-Day Course,"경주 핵심 역사 유적 하루 완주 코스
▪ 불국사 → 석굴암 → 국립경주박물관 → 대릉원 → 첨성대 → 동궁과 월지
▪ 신라 천년 역사 집중 탐방
▪ 소요시간 약 8~10시간","Gyeongju core historic sites full-day course
▪ Bulguksa → Seokguram → National Gyeongju Museum → Daereungwon → Cheomseongdae → Donggung & Wolji
▪ Concentrated Silla 1,000-year history exploration
▪ Approx. 8–10 hours",불국로 385 (불국사 출발),"Starting from Bulguksa, Gyeongju-si, Gyeongsangbuk-do",KTX 신경주역 → 700번 버스 → 불국사 출발,10시간,medium,"입장료 합산 약 15,000원",https://map.naver.com/v5/search/불국사,https://map.kakao.com/link/search/불국사,https://www.bulguksa.or.kr,TRUE,
3hour,부산 해운대,해운대 블루라인파크 해변열차,Haeundae Blue Line Park Beach Train,"해운대 블루라인파크 해변열차 탑승
▪ 미포 → 청사포 → 다릿돌전망대 → 송정 해변열차
▪ 국내 최초 해변열차 · 바다 뷰 창문 탑승
▪ 송정·청사포 카페거리 연계","Haeundae Blue Line Park beach train ride
▪ Mipo → Cheongsapo → Daritdol Observatory → Songjeong beach train
▪ Korea's first beach train · ocean view window seats
▪ Connects to Songjeong & Cheongsapo cafe streets",중동 미포오거리 일대,"Mipo intersection area, Jung-dong, Haeundae-gu, Busan",지하철 2호선 해운대역 3번 출구 → 도보 10분 → 미포 해변열차 출발역,2시간,easy,"해변열차 왕복 12,000원",https://map.naver.com/v5/search/블루라인파크+해변열차,https://map.kakao.com/link/search/블루라인파크+해변열차,https://www.bluelinepark.com,TRUE,
3hour,부산 남구,부산 유엔기념공원 & 이기대 해안산책로,Busan UN Memorial Cemetery & Igidae Coastal Trail,"부산 유엔기념공원 + 이기대 해안산책로
▪ 유엔기념공원 (세계 유일 UN군 묘지) → 이기대 해안산책로
▪ 이기대 수변공원 오륙도 조망
▪ 오륙도 스카이워크 연계 가능","Busan UN Memorial Cemetery + Igidae coastal trail
▪ UN Memorial Cemetery (world's only UN military cemetery) → Igidae coastal trail
▪ Igidae waterfront park Oryukdo Island views
▪ Oryukdo Skywalk connection available",남구 유엔평화로 93,"93 UN Pyeonghwa-ro, Nam-gu, Busan",지하철 2호선 대연역 3번 출구 → 도보 5분 → 유엔기념공원,3시간,easy,무료,https://map.naver.com/v5/search/유엔기념공원+부산,https://map.kakao.com/link/search/유엔기념공원+부산,https://www.unmck.or.kr,TRUE,
3hour,부산 중구,부산 국제시장 & 깡통야시장,Busan Gukje Market & Bupyeong Night Market,"부산 국제시장 + 부평깡통야시장 탐방
▪ 국제시장 → 부평깡통야시장 → BIFF광장
▪ 영화 '국제시장' 실제 배경 · 6·25 피난민 문화
▪ 야시장 매일 운영 (19:30~24:00)","Busan Gukje Market + Bupyeong Kkangtonng Night Market
▪ Gukje Market → Bupyeong Night Market → BIFF Square
▪ Actual setting of film 'Ode to My Father' · Korean War refugee culture
▪ Night market daily (7:30pm–midnight)",신창동 국제시장3길 일대,"Gukje Market area, Sinchang-dong, Jung-gu, Busan",지하철 1호선 자갈치역 7번 출구 → 도보 5분 → 국제시장,2시간,easy,무료 (식비 별도),https://map.naver.com/v5/search/부산+국제시장,https://map.kakao.com/link/search/부산+국제시장,해당없음,TRUE,
recommend,부산 영도,흰여울문화마을 & 영도다리 탐방,흰여울 Cultural Village & Yeongdo Bridge Tour,"영도 흰여울문화마을 + 영도다리 탐방
▪ 흰여울문화마을 → 절영해안산책로 → 영도대교
▪ 한국전쟁 피난민 문화마을 → 감천문화마을과 쌍벽
▪ 영도다리 도개교 (14:00 매일 개방)","Yeongdo Hineoyoul Cultural Village + Yeongdo Bridge
▪ Hineoyoul Village → Jeolyeong coastal trail → Yeongdo Bridge
▪ Korean War refugee cultural village — rivals Gamcheon
▪ Yeongdo Bridge drawbridge opens daily at 2pm",영선동4가 흰여울길 일대,"Hineoyoul-gil area, Yeongseondong 4-ga, Yeongdo-gu, Busan",지하철 1호선 남포역 6번 출구 → 버스 → 흰여울문화마을 (약 20분),3시간,medium,무료,https://map.naver.com/v5/search/흰여울문화마을,https://map.kakao.com/link/search/흰여울문화마을,해당없음,TRUE,
3hour,부산 수영,광안리 해수욕장 & F1963 문화복합공간,Gwangalli Beach & F1963 Cultural Complex,"광안리 + F1963 문화복합공간 코스
▪ 광안리해수욕장 → F1963 (옛 고려제강 공장 → 문화공간)
▪ 광안대교 야경 · 카페·공연·갤러리
▪ 부산국제영화제(BIFF) 연계 행사 다수","Gwangalli + F1963 cultural complex
▪ Gwangalli Beach → F1963 (former wire factory → cultural space)
▪ Gwangandaegyo Bridge night view · cafes · performances · galleries
▪ Many Busan International Film Festival events",수영구 구락로123번길 20,"20 Gurak-ro 123beon-gil, Suyeong-gu, Busan",지하철 2호선 수영역 4번 출구 → 도보 10분 → F1963,2시간,easy,무료,https://map.naver.com/v5/search/F1963+부산,https://map.kakao.com/link/search/F1963+부산,해당없음,TRUE,
3hour,부산 동구,부산 초량 이바구길 탐방,Busan Choryang Ibagu-gil (Story Road) Tour,"부산 초량 이바구길 근현대 역사 탐방
▪ 168계단 → 까치고개 전망대 → 초량이바구길
▪ 한국전쟁 피난 시절 이야기 담긴 골목
▪ 168계단 모노레일 탑승 가능","Busan Choryang Ibagu-gil modern history tour
▪ 168 Steps → Kkachi Hill Observatory → Choryang Ibagu-gil
▪ Alleys holding stories from Korean War refugee period
▪ 168 Steps monorail ride available",초량2동 이바구길 일대,"Ibagu-gil area, Choryang 2-dong, Dong-gu, Busan",지하철 1호선 부산역 7번 출구 → 도보 10분 → 초량 이바구길,2시간,medium,무료,https://map.naver.com/v5/search/초량이바구길,https://map.kakao.com/link/search/초량이바구길,해당없음,TRUE,
recommend,부산 서구,부산 암남공원 & 송도 해상케이블카,Busan Amnam Park & Songdo Ocean Cable Car,"송도해수욕장 + 해상케이블카 코스
▪ 송도해수욕장 → 암남공원 → 해상케이블카 탑승
▪ 국내 최초 공설해수욕장 · 부산 최고 오션뷰
▪ 스카이캡슐(투명 케이블카) 체험","Songdo Beach + ocean cable car course
▪ Songdo Beach → Amnam Park → ocean cable car ride
▪ Korea's first public beach · Busan's best ocean view
▪ Sky Capsule (transparent cable car) experience",서구 암남공원로 185,"185 Amnam Park-ro, Seo-gu, Busan",지하철 1호선 토성역 6번 출구 → 마을버스 2번 → 송도해수욕장 (약 20분),3시간,easy,"케이블카 왕복 15,000원",https://map.naver.com/v5/search/송도해상케이블카,https://map.kakao.com/link/search/송도해상케이블카,https://www.songdocablecar.com,TRUE,
recommend,부산 기장,기장 일광 해안도로 & 죽성 드리뫼 성당,Gijang Ilgwang Coastal Road & Jukseong Church,"기장 해안도로 드라이브 + 죽성 성당 코스
▪ 일광해수욕장 → 해안도로 드라이브 → 죽성 드리뫼 성당
▪ 드라마 '신사의 품격' 촬영지 죽성성당
▪ 기장 해산물 시장 연계","Gijang coastal road drive + Jukseong Church
▪ Ilgwang Beach → coastal road drive → Jukseong Deurime Church
▪ 'A Gentleman's Dignity' drama filming location
▪ Gijang seafood market connection",기장읍 시랑리 드리뫼성당,"Jukseong Deurime Church, Sirang-ri, Gijang-eup, Gijang-gun, Busan",동해선 일광역 → 버스 → 죽성성당 (약 20분),3시간,easy,무료,https://map.naver.com/v5/search/기장+죽성성당,https://map.kakao.com/link/search/기장+죽성성당,해당없음,TRUE,
3hour,부산 동래,동래 온천장 & 동래읍성 역사 탐방,Dongrae Hot Spring & Dongrae Fortress History,"동래 온천 + 동래읍성 역사 탐방
▪ 동래온천 족욕 체험 → 동래읍성 → 동래시장
▪ 1,300년 역사 동래온천 · 임진왜란 동래성 전투지
▪ 동래파전 원조 먹거리 탐방","Dongrae hot spring + Dongrae Fortress history
▪ Dongrae hot spring foot bath → Dongrae Fortress → Dongrae Market
▪ 1,300-year history Dongrae hot spring · Imjin War Dongrae Fortress battle site
▪ Dongrae pajeon (green onion pancake) original food tour",동래구 온천장로 일대,"Oncheonjang-ro area, Dongnae-gu, Busan",지하철 1호선 온천장역 → 도보 5분 → 동래온천장,3시간,easy,"족욕 5,000원~",https://map.naver.com/v5/search/동래온천장,https://map.kakao.com/link/search/동래온천장,해당없음,TRUE,
recommend,부산 해운대,부산 엑스더스카이 & 마린시티 야경,Busan X the SKY & Marine City Night View,"엘시티 타워 X the SKY + 마린시티 야경
▪ 엑스더스카이 전망대 (411m) → 마린시티 마천루 야경
▪ 부산 최고층 전망대 · 유리바닥 체험
▪ 동백섬 누리마루 연계 가능","LCT Tower X the SKY + Marine City night view
▪ X the SKY Observatory (411m) → Marine City skyscrapers night view
▪ Busan's highest observatory · glass floor experience
▪ Dongbaekseom Nurimaru connection available",해운대구 해운대해변로 298,"298 Haeundaehaebyeon-ro, Haeundae-gu, Busan",지하철 2호선 해운대역 3번 출구 → 도보 15분 → 엘시티 타워,2시간,easy,"입장료 27,000원",https://map.naver.com/v5/search/엑스더스카이+부산,https://map.kakao.com/link/search/엑스더스카이+부산,https://www.xthesky.kr,TRUE,
3hour,부산 중구,BIFF광장 & 부산국제영화제 탐방,BIFF Square & Busan International Film Festival Tour,"BIFF광장 + 남포동 탐방 코스
▪ BIFF광장 → 핸드프린팅 → 남포동 쇼핑 → 자갈치시장
▪ 10월 BIFF 기간 국내외 스타 방문
▪ 씨앗호떡·비프버거 길거리 음식 명소","BIFF Square + Nampo-dong exploration
▪ BIFF Square → handprint pavement → Nampo-dong shopping → Jagalchi Market
▪ Domestic & international stars visit during October BIFF
▪ Ssiat hotteok & BIFF Burger street food spots",중앙동 BIFF광장로 일대,"BIFF Square-ro area, Jungang-dong, Jung-gu, Busan",지하철 1호선 남포역 2번 출구 → 도보 3분 → BIFF광장,2시간,easy,무료 (식비 별도),https://map.naver.com/v5/search/BIFF광장+부산,https://map.kakao.com/link/search/BIFF광장+부산,https://www.biff.kr,TRUE,
3hour,부산 북구,금정산 범어사 & 산성마을 탐방,Geumjeongsan Beomeosa Temple & Fortress Village,"금정산 범어사 + 산성마을 탐방
▪ 범어사 (화엄종 10대 사찰) → 금정산성 → 산성마을 막걸리
▪ 국내 최대 규모 산성 금정산성 (17km)
▪ 산성마을 전통 막걸리 양조장 견학","Geumjeongsan Beomeosa Temple + fortress village
▪ Beomeosa (one of 10 Hwaeom sect temples) → Geumjeongsan Fortress → Sanseong village makgeolli
▪ Korea's largest mountain fortress Geumjeongsan (17km)
▪ Sanseong village traditional makgeolli brewery tour",금정구 범어사로 250,"250 Beomeosa-ro, Geumjeong-gu, Busan",지하철 1호선 범어사역 7번 출구 → 마을버스 → 범어사 (약 10분),3시간,medium,무료,https://map.naver.com/v5/search/범어사+부산,https://map.kakao.com/link/search/범어사+부산,https://www.beomeosa.co.kr,TRUE,
3hour,부산 해운대,달맞이 고개 & 청사포 카페거리,Dalmaji Hill & Cheongsapo Cafe Street,"달맞이 고개 + 청사포 카페거리 코스
▪ 달맞이 고개 벚꽃길 → 청사포 다릿돌전망대 → 카페거리
▪ 4월 달맞이 고개 벚꽃 터널 절경
▪ 청사포 빨간등대 인증 포토존","Dalmaji Hill + Cheongsapo cafe street
▪ Dalmaji Hill cherry blossom road → Cheongsapo Daritdol Observatory → cafe street
▪ April cherry blossom tunnel at Dalmaji Hill
▪ Cheongsapo red lighthouse photo spot",해운대구 달맞이길 62번길 일대,"Dalmaji-gil 62-beongil area, Haeundae-gu, Busan",지하철 2호선 해운대역 3번 출구 → 버스 → 달맞이고개 (약 15분),2시간,easy,무료,https://map.naver.com/v5/search/달맞이고개+청사포,https://map.kakao.com/link/search/달맞이고개+청사포,해당없음,TRUE,
recommend,부산 기장,기장 아난티 코브 & 일출 탐방,Gijang Ananti Cove & Sunrise Tour,"기장 아난티 코브 + 일출 코스
▪ 아난티 코브 외관 → 기장 해안도로 일출
▪ 국내 최고급 리조트 외관 관람
▪ 기장 멸치·대게·미역 수산시장 연계","Gijang Ananti Cove + sunrise course
▪ Ananti Cove exterior → Gijang coastal road sunrise
▪ Korea's top luxury resort exterior viewing
▪ Gijang anchovy · snow crab · seaweed seafood market connection",기장읍 기장해안로 268-32,"268-32 Gijang Haean-ro, Gijang-eup, Gijang-gun, Busan",동해선 기장역 → 버스 → 아난티 코브 (약 20분),2시간,easy,무료,https://map.naver.com/v5/search/아난티코브+기장,https://map.kakao.com/link/search/아난티코브+기장,해당없음,TRUE,
3hour,부산 해운대,해운대 수상레저 & 씨사이드 투어,Haeundae Water Leisure & Seaside Tour,"해운대 수상레저 체험 코스
▪ 제트스키·바나나보트·웨이크보드 선택 체험
▪ 동백섬 크루즈 투어 연계 가능
▪ 성수기(7~8월) 사전 예약 필수","Haeundae water leisure experience
▪ Choose: jet ski · banana boat · wakeboard experience
▪ Dongbaekseom cruise tour connection available
▪ Peak season (July–August) advance booking required",해운대구 해운대해변로 264,"264 Haeundaehaebyeon-ro, Haeundae-gu, Busan",지하철 2호선 해운대역 3·5번 출구 → 도보 10분 → 해운대해수욕장,2시간,medium,"30,000~60,000원",https://map.naver.com/v5/search/해운대+수상레저,https://map.kakao.com/link/search/해운대+수상레저,해당없음,FALSE,
nightview,부산 수영,광안대교 야경 & 광안리 포차거리,Gwangandaegyo Bridge Night View & Gwangalli Pojangmacha,"광안대교 야경 + 광안리 포차거리 코스
▪ 광안리 백사장 → 광안대교 야경 감상 → 포차거리 야식
▪ 광안대교 주말 조명쇼 운영
▪ 광안리 버스킹 공연 (주말 저녁)","Gwangandaegyo Bridge night view + Gwangalli pojangmacha
▪ Gwangalli white sand beach → bridge night view → late-night food stalls
▪ Gwangandaegyo weekend light show
▪ Gwangalli busking performances (weekend evenings)",수영구 광안해변로 219,"219 Gwanganhaebyeon-ro, Suyeong-gu, Busan",지하철 2호선 광안역 3번 출구 → 도보 10분 → 광안리해수욕장,2시간,easy,무료,https://map.naver.com/v5/search/광안리+야경,https://map.kakao.com/link/search/광안리+야경,해당없음,TRUE,
3hour,부산 사하,을숙도 철새공원 & 낙동강 하구 탐방,Eulsukdo Migratory Bird Park & Nakdong River Estuary,"을숙도 생태공원 + 낙동강 하구 탐방
▪ 을숙도 철새공원 → 낙동강 하구에코센터 → 문화회관
▪ 청둥오리·두루미 등 철새 탐조 (10~3월)
▪ 자전거 대여 생태 탐방 가능","Eulsukdo Ecological Park + Nakdong River estuary
▪ Eulsukdo Migratory Bird Park → Nakdong River Estuary Eco Center → Culture Hall
▪ Migratory bird watching: mallard · crane (Oct–March)
▪ Bike rental for ecological exploration",사하구 낙동남로 1240,"1240 Nakdongnam-ro, Saha-gu, Busan",지하철 1호선 하단역 → 마을버스 2번 → 을숙도 (약 15분),2시간,easy,무료,https://map.naver.com/v5/search/을숙도+철새공원,https://map.kakao.com/link/search/을숙도+철새공원,해당없음,TRUE,
1day,부산 전체,부산 핵심 명소 1일 완전 공략,Busan Core Attractions One-Day Full Course,"부산 핵심 명소 하루 완주 코스
▪ 감천문화마을 → 자갈치시장 → 국제시장 → 태종대 → 광안대교 야경
▪ 부산 5대 필수 명소 당일 투어
▪ 지하철+버스 대중교통으로 이동 가능","Busan core sites full-day tour
▪ Gamcheon Village → Jagalchi Market → Gukje Market → Taejongdae → Gwangandaegyo night view
▪ Busan's 5 must-see spots in one day
▪ All accessible by subway + bus",사하구 감천동 (출발점),"Starting from Gamcheon-dong, Saha-gu, Busan",지하철 1호선 토성역 6번 출구 → 마을버스 1-1번 → 감천문화마을 (출발),10시간,medium,"대중교통비 약 5,000원",https://map.naver.com/v5/search/감천문화마을,https://map.kakao.com/link/search/감천문화마을,해당없음,TRUE,
recommend,부산 해운대,부산 요트 투어 & 선셋 크루즈,Busan Yacht Tour & Sunset Cruise,"부산 마린시티 출발 요트 투어
▪ 마린시티 요트 선착장 출발 → 광안대교 → 해운대 해안
▪ 일몰 시 선셋 크루즈 추천
▪ 2인부터 예약 가능","Busan Marine City yacht tour
▪ Marine City yacht dock → Gwangandaegyo Bridge → Haeundae coast
▪ Sunset cruise recommended at dusk
▪ Bookable from 2 persons",해운대구 마린시티1로 일대,"Marincity 1-ro area, Haeundae-gu, Busan",지하철 2호선 동백역 1번 출구 → 도보 10분 → 마린시티 요트 선착장,2시간,easy,"80,000~150,000원 (2인 기준)",https://map.naver.com/v5/search/부산+요트투어,https://map.kakao.com/link/search/부산+요트투어,해당없음,FALSE,
3hour,제주 제주시,제주 동문시장 & 제주 흑돼지 탐방,Jeju Dongmun Market & Black Pork Tour,"제주 동문재래시장 먹거리 + 흑돼지 탐방
▪ 동문시장 → 제주 흑돼지 골목 → 오메기떡·귤초콜릿
▪ 제주 최대 재래시장 · 야시장 (매일 18:00~24:00)
▪ 흑돼지 삼겹살·목살 구이 원조 제주 맛","Jeju Dongmun Traditional Market + black pork tour
▪ Dongmun Market → Jeju black pork alley → omegi rice cake · tangerine chocolate
▪ Jeju's largest traditional market · night market daily (6pm–midnight)
▪ Original Jeju taste: black pork belly & neck grilled",일도1동 동문로 11,"11 Dongmun-ro, Ildo 1-dong, Jeju-si, Jeju",제주공항 → 시내버스 → 동문시장 (약 20분),2시간,easy,"흑돼지 1인 20,000원~",https://map.naver.com/v5/search/제주동문시장,https://map.kakao.com/link/search/제주동문시장,해당없음,TRUE,
3hour,제주 제주시,제주 용두암 & 용연구름다리 코스,Jeju Yongduam Rock & Yongyeon Cloud Bridge,"제주 용두암 + 용연구름다리 산책 코스
▪ 용두암(용의 머리 현무암) → 용연 구름다리
▪ 제주 도심 해안 산책 · 일몰 명소
▪ 제주공항 도보 20분 · 여행 시작·마무리 코스","Jeju Yongduam Rock + Yongyeon Cloud Bridge walk
▪ Yongduam (dragon-head basalt rock) → Yongyeon Cloud Bridge
▪ Jeju city coastal walk · sunset spot
▪ 20min walk from Jeju Airport · great start or end to a trip",용담2동 용두암길 15,"15 Yongduam-gil, Yongdam 2-dong, Jeju-si, Jeju",제주공항 → 도보 20분 또는 시내버스 → 용두암,1.5시간,easy,무료,https://map.naver.com/v5/search/용두암,https://map.kakao.com/link/search/용두암,해당없음,TRUE,
recommend,제주 제주시,한라산 성판악 코스 트레킹,Hallasan Seongpanak Course Trekking,"한라산 성판악 → 백록담 왕복 트레킹
▪ 성판악 탐방로 → 진달래밭 대피소 → 백록담 정상
▪ 왕복 19.2km · 소요시간 약 9~10시간
▪ 탐방 신청 필수 (국립공원 예약 시스템)","Hallasan Seongpanak → Baengnokdam crater round trip
▪ Seongpanak trail → Jindallaebat Shelter → Baengnokdam summit
▪ Round trip 19.2km · approx. 9–10 hours
▪ Reservation required (national park booking system)",조천읍 516로 1865,"1865 516-ro, Jocheon-eup, Jeju-si, Jeju",제주시 → 시외버스 성판악 정류장 (약 40분),9시간,hard,무료 (예약 필수),https://map.naver.com/v5/search/한라산+성판악,https://map.kakao.com/link/search/한라산+성판악,https://www.hallasan.go.kr,TRUE,
3hour,제주 제주시,제주 함덕 해수욕장 & 서우봉 오름,Jeju Hamdeok Beach & Seowubong Oreum,"함덕 에메랄드 해수욕장 + 서우봉 오름
▪ 함덕해수욕장 → 서우봉 오름 정상 → 해안 절경
▪ 제주 북동부 최고 에메랄드빛 바다
▪ 서우봉 오름 완만한 코스 · 초보 가능","Hamdeok emerald beach + Seowubong Oreum
▪ Hamdeok Beach → Seowubong Oreum summit → coastal scenery
▪ Best emerald sea in northeast Jeju
▪ Gentle Seowubong Oreum trail · beginner-friendly",조천읍 함덕리 169-1,"169-1 Hamdeok-ri, Jocheon-eup, Jeju-si, Jeju",제주시 → 시내버스 → 함덕해수욕장 (약 30분),2시간,easy,무료,https://map.naver.com/v5/search/함덕해수욕장,https://map.kakao.com/link/search/함덕해수욕장,해당없음,TRUE,
recommend,제주 제주시,제주 김녕 미로공원 & 용천동굴 탐방,Jeju Gimnyeong Maze Park & Yongcheon Cave,"김녕 미로공원 + 만장굴 연계 코스
▪ 김녕미로공원 → 만장굴 (유네스코 용암동굴) → 용천동굴 외관
▪ 세계 최장 용암동굴계 · 1km 구간 일반 공개
▪ 동굴 내부 연중 11~12°C · 여름 피서 최적","Gimnyeong Maze Park + Manjanggul cave course
▪ Gimnyeong Maze Park → Manjanggul (UNESCO lava tube) → Yongcheon Cave exterior
▪ World's longest lava tube system · 1km section open to public
▪ Cave interior year-round 11–12°C · perfect summer retreat",구좌읍 만장굴길 182,"182 Manjanggul-gil, Gujwa-eup, Jeju-si, Jeju",제주시 → 렌터카 또는 시외버스 → 만장굴 (약 50분),3시간,easy,"만장굴 성인 4,000원",https://map.naver.com/v5/search/만장굴,https://map.kakao.com/link/search/만장굴,해당없음,TRUE,
recommend,제주 서귀포,제주 성산일출봉 & 일출 탐방,Jeju Seongsan Ilchulbong & Sunrise Tour,"성산일출봉 일출 탐방 코스
▪ 일출 30분 전 도착 → 분화구 정상 → 우도 조망
▪ 유네스코 세계자연유산 화산 분화구
▪ 섭지코지·우도 연계 당일 코스 가능","Seongsan Ilchulbong sunrise exploration
▪ Arrive 30min before sunrise → crater summit → Udo Island view
▪ UNESCO World Natural Heritage volcanic crater
▪ Day trip connection to Seopjikoji & Udo Island",성산읍 일출로 284-12,"284-12 Ilchul-ro, Seongsan-eup, Seogwipo-si, Jeju",제주시 → 렌터카 또는 시외버스 → 성산일출봉 (약 1시간),2시간,medium,"성인 5,000원",https://map.naver.com/v5/search/성산일출봉,https://map.kakao.com/link/search/성산일출봉,https://www.jeju.go.kr,TRUE,
3hour,제주 서귀포,우도 당일치기 자전거 코스,Udo Island Day Trip Cycling Course,"우도 자전거 일주 당일 코스
▪ 성산항 → 우도 여객선 → 자전거 대여 → 우도 일주 (16km)
▪ 검멀레 해변·홍조단괴 해변·우도봉
▪ 우도 땅콩 아이스크림·해산물 필수 시식","Udo Island full-day cycling circuit
▪ Seongsan Harbor → Udo ferry → bike rental → Udo Island circuit (16km)
▪ Geomeolle Beach · Hongjo Danggoe Beach · Udobong Peak
▪ Udo peanut ice cream & seafood — must try",성산읍 우도면 일대,"Udo-myeon, Seongsan-eup, Seogwipo-si, Jeju",제주시 → 렌터카 → 성산항 → 여객선 탑승 (왕복 약 30분),5시간,easy,"여객선 왕복 7,000원 + 자전거 대여 15,000원",https://map.naver.com/v5/search/우도+제주,https://map.kakao.com/link/search/우도+제주,해당없음,TRUE,
3hour,제주 서귀포,제주 천지연 폭포 & 서귀포 매일올레시장,Jeju Cheonjiyeon Falls & Seogwipo Olle Market,"서귀포 천지연폭포 + 매일올레시장 코스
▪ 천지연폭포 (높이 22m · 천연기념물 서식지) → 매일올레시장
▪ 서귀포 로컬 야시장 · 매일 운영
▪ 서귀포 흑돼지·해산물·빙떡 시식","Seogwipo Cheonjiyeon Falls + Maeil Olle Market
▪ Cheonjiyeon Falls (22m height · natural monument habitat) → Maeil Olle Market
▪ Seogwipo local night market · open daily
▪ Seogwipo black pork · seafood · bingddok tasting",서귀포시 천지동 667-7,"667-7 Cheonji-dong, Seogwipo-si, Jeju",서귀포버스터미널 → 시내버스 → 천지연폭포 (약 10분),2시간,easy,"입장료 2,000원",https://map.naver.com/v5/search/천지연폭포,https://map.kakao.com/link/search/천지연폭포,해당없음,TRUE,
recommend,제주 서귀포,제주 정방폭포 & 서귀포 칠십리 해안,Jeju Jeongbang Falls & Seogwipo Chilsimni Coast,"정방폭포 + 서귀포 칠십리 해안 코스
▪ 정방폭포 (동양 유일 해안 직폭) → 칠십리 해안 산책
▪ 바다로 직접 떨어지는 폭포 세계적 희귀 지형
▪ 외돌개·소정방폭포 연계 가능","Jeongbang Falls + Seogwipo Chilsimni coast
▪ Jeongbang Falls (Asia's only waterfall falling directly into the sea) → Chilsimni coastal walk
▪ Globally rare geological feature — waterfall directly into ocean
▪ Oedolgae & Sojeongbang Falls connection available",서귀포시 칠십리로214번길 37,"37 Chilsimni-ro 214beon-gil, Seogwipo-si, Jeju",서귀포버스터미널 → 시내버스 → 정방폭포 (약 10분),2시간,easy,"성인 2,000원",https://map.naver.com/v5/search/정방폭포,https://map.kakao.com/link/search/정방폭포,해당없음,TRUE,
3hour,제주 서귀포,제주 섭지코지 & 신양 해변 탐방,Jeju Seopjikoji Cape & Sinyang Beach Tour,"섭지코지 + 신양섭지 해변 탐방
▪ 섭지코지 입구 → 유채꽃밭 → 등대 → 신양해수욕장
▪ 드라마 '올인' 촬영지 · 봄 유채꽃 절경
▪ 글라스하우스 카페 연계 가능 (유료)","Seopjikoji Cape + Sinyang Beach tour
▪ Seopjikoji entrance → canola flower field → lighthouse → Sinyang Beach
▪ 'All In' drama filming location · spring canola flower scenery
▪ Glass House cafe connection available (fee)",성산읍 고성리 섭지코지로 107,"107 Seopjikoji-ro, Goseong-ri, Seongsan-eup, Seogwipo-si, Jeju",제주시 → 렌터카 → 섭지코지 (약 1시간 10분),2시간,easy,무료,https://map.naver.com/v5/search/섭지코지,https://map.kakao.com/link/search/섭지코지,해당없음,TRUE,
recommend,제주 서귀포,제주 산방산 & 용머리 해안 탐방,Jeju Sanbangsan Mountain & Yongmeori Coast,"산방산 + 용머리 해안 탐방
▪ 산방굴사 → 용머리 해안 (퇴적암 해안 절경)
▪ 제주 최고령 용암돔 · 유네스코 세계자연유산
▪ 형제섬·마라도 조망 가능","Sanbangsan + Yongmeori Coast exploration
▪ Sanbang Cave Temple → Yongmeori Coast (sedimentary rock coastal scenery)
▪ Jeju's oldest lava dome · UNESCO World Natural Heritage
▪ Hyeongjedo & Marado Island views",안덕면 산방로 218,"218 Sanbang-ro, Andeok-myeon, Seogwipo-si, Jeju",서귀포버스터미널 → 시외버스 → 산방산 (약 30분),3시간,easy,"용머리 입장료 2,000원",https://map.naver.com/v5/search/산방산+제주,https://map.kakao.com/link/search/산방산+제주,해당없음,TRUE,
3hour,제주 서귀포,제주 마라도 & 국토 최남단 인증,Jeju Marado Island — Korea's Southernmost Point,"마라도 당일 여행 + 최남단 인증
▪ 운진항 → 여객선 30분 → 마라도 → 짜장면 원조
▪ 한국 최남단 섬 공식 인증 포토존
▪ 짜장면 발상지 마라도 짬뽕·짜장 필수","Marado Island day trip + southernmost certification
▪ Unjin Harbor → 30min ferry → Marado → original jjajangmyeon
▪ Official Korea's southernmost island photo zone
▪ Marado jjamppong & jjajang — a must at the birthplace",대정읍 최남단길 14,"14 Choenamdan-gil, Daejeong-eup, Seogwipo-si, Jeju",서귀포버스터미널 → 시외버스 → 운진항 → 여객선 탑승 (왕복 약 30분),3시간,easy,"여객선 왕복 20,000원~",https://map.naver.com/v5/search/마라도,https://map.kakao.com/link/search/마라도,해당없음,TRUE,
3hour,제주 제주시,제주 협재 해수욕장 & 비양도 탐방,Jeju Hyeopjae Beach & Biyangdo Island Tour,"협재 에메랄드 해수욕장 + 비양도 코스
▪ 협재해수욕장 → 한림항 → 비양도 여객선 탑승
▪ 서부 제주 최고 에메랄드 바다
▪ 비양도 1시간 도보 일주 가능","Hyeopjae emerald beach + Biyangdo Island
▪ Hyeopjae Beach → Hallim Harbor → Biyangdo ferry
▪ Best emerald sea in western Jeju
▪ Biyangdo 1-hour walking circuit possible",한림읍 협재리 2497-1,"2497-1 Hyeopjae-ri, Hallim-eup, Jeju-si, Jeju",제주시 → 시외버스 → 협재해수욕장 (약 50분),3시간,easy,"비양도 여객선 왕복 7,000원",https://map.naver.com/v5/search/협재해수욕장,https://map.kakao.com/link/search/협재해수욕장,해당없음,TRUE,
recommend,제주 제주시,제주 사려니숲길 & 물찻오름 트레킹,Jeju Saryeoni Forest Trail & Mulchatoreum,"사려니숲길 + 물찻오름 트레킹 코스
▪ 사려니숲길 (15.2km 전체 또는 분할 탐방)
▪ 삼나무·편백 편백숲 · 피톤치드 숲욕
▪ 물찻오름 정상 분화구 습지 연계","Saryeoni Forest Trail + Mulchatoreum trekking
▪ Saryeoni Forest Trail (full 15.2km or partial sections)
▪ Cedar & hinoki cypress forest · phytoncide forest bath
▪ Mulchatoreum summit crater wetland connection",조천읍 교래리 산119,"San 119 Gyorae-ri, Jocheon-eup, Jeju-si, Jeju",제주시 → 렌터카 → 사려니숲길 입구 (약 40분),3시간,medium,무료,https://map.naver.com/v5/search/사려니숲길,https://map.kakao.com/link/search/사려니숲길,해당없음,TRUE,
3hour,제주 서귀포,제주 주상절리대 & 중문색달 해변,Jeju Columnar Jointing & Jungmun Saekdal Beach,"주상절리대 + 중문색달 해변 코스
▪ 중문 주상절리대 (60m 절벽) → 중문색달 해수욕장
▪ 용암이 굳으며 형성된 기하학적 절벽
▪ 서귀포 잠수함 체험 연계 가능","Columnar jointing + Jungmun Saekdal Beach
▪ Jungmun Columnar Jointing (60m cliffs) → Jungmun Saekdal Beach
▪ Geometric cliffs formed by solidifying lava
▪ Seogwipo submarine experience connection available",중문동 주상절리로 36,"36 Jusangjeolli-ro, Jungmun-dong, Seogwipo-si, Jeju",서귀포버스터미널 → 시외버스 → 중문 주상절리 (약 20분),2시간,easy,"성인 2,000원",https://map.naver.com/v5/search/제주주상절리,https://map.kakao.com/link/search/제주주상절리,해당없음,TRUE,
recommend,제주 제주시,제주 아쿠아플라넷 & 머체왓숲길,Jeju Aqua Planet & Mecheot Forest Walk,"제주 아쿠아플라넷 + 머체왓 용암숲 코스
▪ 아쿠아플라넷 제주 (국내 최대 수족관) → 머체왓 용암숲길
▪ 해녀 수중 공연 · 제주 특산 해양생물 전시
▪ 용암이 만든 독특한 숲길 생태 탐방","Jeju Aqua Planet + Mecheot lava forest walk
▪ Aqua Planet Jeju (Korea's largest aquarium) → Mecheot lava forest trail
▪ Haenyeo underwater performance · Jeju endemic marine life exhibit
▪ Unique lava-formed forest ecology walk",성산읍 섭지코지로 95,"95 Seopjikoji-ro, Seongsan-eup, Seogwipo-si, Jeju",제주시 → 렌터카 → 아쿠아플라넷 제주 (약 1시간 10분),4시간,easy,"아쿠아플라넷 성인 42,000원",https://map.naver.com/v5/search/아쿠아플라넷제주,https://map.kakao.com/link/search/아쿠아플라넷제주,https://www.aquaplanet.co.kr/jeju,FALSE,
3hour,제주 제주시,제주 새별오름 & 억새 탐방,Jeju Saebyeol Oreum & Silver Grass Tour,"새별오름 억새 + 일몰 탐방 코스
▪ 새별오름 정상 (519m) → 억새밭 → 서해 일몰 조망
▪ 10~11월 억새 절정 · 제주 억새 명소 1위
▪ 매년 정월대보름 들불축제 개최지","Saebyeol Oreum silver grass + sunset tour
▪ Saebyeol Oreum summit (519m) → silver grass fields → West Sea sunset view
▪ Silver grass peak October–November · Jeju's #1 silver grass spot
▪ Annual Jeongwol Daeboreum Fire Festival venue",애월읍 봉성리 산59-8,"San 59-8 Bongseong-ri, Aewol-eup, Jeju-si, Jeju",제주시 → 렌터카 → 새별오름 (약 30분),2시간,medium,무료,https://map.naver.com/v5/search/새별오름,https://map.kakao.com/link/search/새별오름,해당없음,TRUE,
recommend,제주 제주시,제주 애월 카페거리 & 한담해안 산책,Jeju Aewol Cafe Street & Handam Coastal Walk,"애월 카페거리 + 한담해안 산책 코스
▪ 한담해안 → 애월 카페거리 → 애월항 낙조
▪ 제주 카페 성지 · 오션뷰 카페 밀집
▪ 낮보다 저녁 방문 시 낙조 감성 극대화","Aewol cafe street + Handam coastal walk
▪ Handam coast → Aewol cafe street → Aewol Harbor sunset
▪ Jeju's cafe mecca · ocean view cafes clustered
▪ Evening visit better than daytime for sunset atmosphere",애월읍 한담해안로 일대,"Handam Haean-ro area, Aewol-eup, Jeju-si, Jeju",제주시 → 시외버스 → 애월 (약 30분),3시간,easy,"음료 8,000원~",https://map.naver.com/v5/search/애월카페거리,https://map.kakao.com/link/search/애월카페거리,해당없음,FALSE,
1day,제주 전체,제주 서부 렌터카 드라이브 1일 코스,Jeju West Side Rental Car Drive One-Day Course,"제주 서부 렌터카 드라이브 당일 코스
▪ 애월 → 협재 → 한림 → 산방산 → 중문 → 서귀포
▪ 약 100km · 소요시간 8~10시간
▪ 렌터카 필수 · 오션뷰 드라이브 코스","Jeju west side full-day rental car drive
▪ Aewol → Hyeopjae → Hallim → Sanbangsan → Jungmun → Seogwipo
▪ Approx. 100km · 8–10 hours
▪ Rental car required · ocean view drive course",제주시 공항 출발 → 서부 해안도로,Starting from Jeju Airport → West coastal road,※ 렌터카 필수 — 제주공항 렌터카 센터 출발,10시간,easy,"렌터카 50,000~100,000원/일",https://map.naver.com/v5/search/제주+협재해수욕장,https://map.kakao.com/link/search/제주+협재해수욕장,해당없음,TRUE,
3hour,제주 서귀포,제주 해녀 체험 & 전복 요리 클래스,Jeju Haenyeo Experience & Abalone Cooking Class,"제주 해녀 체험 + 전복 요리 클래스
▪ 해녀 문물 배우기 → 전복 다이빙 체험 → 전복 직접 요리
▪ 유네스코 인류무형문화유산 해녀 문화
▪ 서귀포 연안 해녀 마을 직접 참여","Jeju haenyeo (female diver) experience + abalone cooking class
▪ Learn haenyeo culture → abalone diving experience → cook abalone yourself
▪ UNESCO Intangible Cultural Heritage haenyeo culture
▪ Participate directly in Seogwipo coastal haenyeo village",대정읍 해녀마을 일대,"Haenyeo village area, Daejeong-eup, Seogwipo-si, Jeju",서귀포버스터미널 → 렌터카 또는 택시 → 해녀마을 (약 30분),3시간,medium,"80,000~120,000원",https://map.naver.com/v5/search/제주+해녀체험,https://map.kakao.com/link/search/제주+해녀체험,해당없음,FALSE,
nightview,제주 제주시,제주 별빛 오름 야간 탐방 & 별 관측,Jeju Stargazing Oreum Night Tour,"제주 오름 야간 별 관측 코스
▪ 저지오름 또는 따라비오름 야간 탐방
▪ 빛공해 없는 제주 오름 정상 은하수 관측
▪ 쌍안경·별자리 앱 지참 권장","Jeju oreum night stargazing course
▪ Jeoji Oreum or Ttalabi Oreum night exploration
▪ Milky Way viewing from oreum summit with minimal light pollution
▪ Binoculars & star map app recommended",한경면 저지리 산51 (저지오름),"San 51 Jeoji-ri, Hangyeong-myeon, Jeju-si, Jeju (Jeoji Oreum)",※ 렌터카 필수 — 제주시 출발 약 50분,2시간,easy,무료,https://map.naver.com/v5/search/저지오름,https://map.kakao.com/link/search/저지오름,해당없음,TRUE,
recommend,제주 서귀포,제주 한라수목원 & 절물자연휴양림,Jeju Halla Arboretum & Jeolmul Natural Recreation Forest,"제주 한라수목원 + 절물자연휴양림 코스
▪ 한라수목원 → 삼나무 숲길 → 절물자연휴양림
▪ 무료 입장 · 제주시민 힐링 산책 1번지
▪ 삼나무 피톤치드 숲욕 · 족욕 시설 운영","Jeju Halla Arboretum + Jeolmul Natural Recreation Forest
▪ Halla Arboretum → cedar forest path → Jeolmul Recreation Forest
▪ Free admission · Jeju citizens' #1 healing walk
▪ Cedar phytoncide forest bath · foot bath facilities",연동 수목원길 72,"72 Sumokwon-gil, Yeon-dong, Jeju-si, Jeju",제주시 → 시내버스 → 한라수목원 (약 20분),2시간,easy,무료,https://map.naver.com/v5/search/한라수목원,https://map.kakao.com/link/search/한라수목원,해당없음,TRUE,
3hour,제주 서귀포,제주 이중섭 거리 & 서귀포 문화 탐방,Jeju Lee Jungseop Street & Seogwipo Cultural Tour,"서귀포 이중섭 문화거리 탐방
▪ 이중섭 미술관 → 이중섭 거리 → 서귀포 매일올레시장
▪ 한국 근현대 화가 이중섭 피난 거주지
▪ 은지화·황소 그림 원화 전시 관람","Seogwipo Lee Jungseop cultural street tour
▪ Lee Jungseop Art Museum → Lee Jungseop Street → Seogwipo Maeil Olle Market
▪ Residence of modern Korean painter Lee Jungseop during wartime
▪ Foil paintings & bull paintings original works viewing",서귀포시 이중섭로 27-3,"27-3 Yi Jungseop-ro, Seogwipo-si, Jeju",서귀포버스터미널 → 시내버스 → 이중섭 거리 (약 10분),2시간,easy,"미술관 성인 1,000원",https://map.naver.com/v5/search/이중섭미술관,https://map.kakao.com/link/search/이중섭미술관,해당없음,TRUE,
1day,제주 전체,제주 동부 핵심 1일 코스,Jeju East Side Core One-Day Course,"제주 동부 핵심 명소 하루 완주
▪ 성산일출봉 → 섭지코지 → 우도 → 만장굴 → 김녕해변
▪ 렌터카로 약 80km · 8~10시간
▪ 유네스코 세계자연유산 2개 당일 방문 가능","Jeju east side core sites full-day tour
▪ Seongsan Ilchulbong → Seopjikoji → Udo Island → Manjanggul → Gimnyeong Beach
▪ Rental car ~80km · 8–10 hours
▪ Two UNESCO World Natural Heritage sites in one day",성산읍 일출로 284-12 (성산일출봉 출발),"Starting from Seongsan Ilchulbong, Jeju",※ 렌터카 필수 — 제주공항 출발 약 1시간 → 성산일출봉,10시간,medium,"렌터카 50,000원~ + 입장료 합산 약 20,000원",https://map.naver.com/v5/search/성산일출봉,https://map.kakao.com/link/search/성산일출봉,해당없음,TRUE,
